number,city,lat,lng,country,countryCode
1,Moscow,55.7522,37.6155,Russia,RU
2,Paris,48.8667,2.3333,France,FR
3,London,51.5,-0.1167,United Kingdom,GB
4,Madrid,40.4,-3.6834,Spain,ES
5,Barcelona,41.3833,2.1834,Spain,ES
6,Saint Petersburg,59.939,30.316,Russia,RU
7,Berlin,52.5218,13.4015,Germany,DE
8,Rome,41.896,12.4833,Italy,IT
9,Athens,37.9833,23.7333,Greece,GR
10,Milan,45.47,9.205,Italy,IT
11,Stuttgart,48.78,9.2,Germany,DE
12,Frankfurt,50.1,8.675,Germany,DE
13,Lisbon,38.7227,-9.1449,Portugal,PT
14,Katowice,50.2604,19.02,Poland,PL
15,Kyiv,50.4334,30.5166,Ukraine,UA
16,Vienna,48.2,16.3666,Austria,AT
17,Mannheim,49.5004,8.47,Germany,DE
18,Birmingham,52.475,-1.92,United Kingdom,GB
19,Naples,40.84,14.245,Italy,IT
20,Manchester,53.5004,-2.248,United Kingdom,GB
21,Bucharest,44.4334,26.0999,Romania,RO
22,Minsk,53.9,27.5666,Belarus,BY
23,Hamburg,53.55,10,Germany,DE
24,Essen,51.45,7.0166,Germany,DE
25,Warsaw,52.25,21,Poland,PL
26,Budapest,47.5,19.0833,Hungary,HU
27,Turin,45.0704,7.67,Italy,IT
28,Leeds,53.83,-1.58,United Kingdom,GB
29,Florence,43.78,11.25,Italy,IT
30,Kharkiv,50,36.25,Ukraine,UA
31,Lyon,45.77,4.83,France,FR
32,The Hague,52.08,4.27,Netherlands,NL
33,Marseille,43.29,5.375,France,FR
34,Novosibirsk,55.03,82.96,Russia,RU
35,Porto,41.15,-8.62,Portugal,PT
36,Yekaterinburg,56.85,60.6,Russia,RU
37,Sheffield,53.3667,-1.5,United Kingdom,GB
38,Nizhniy Novgorod,56.333,44.0001,Russia,RU
39,Duisburg,51.43,6.75,Germany,DE
40,Munich,48.1299,11.575,Germany,DE
41,Stockholm,59.3508,18.0973,Sweden,SE
42,Geneva,46.21,6.14,Switzerland,CH
43,DÃ¼sseldorf,51.2204,6.78,Germany,DE
44,Sevilla,37.405,-5.98,Spain,ES
45,Sofia,42.6833,23.3167,Bulgaria,BG
46,Prague,50.0833,14.466,Czechia,CZ
47,Glasgow,55.8744,-4.2507,United Kingdom,GB
48,Samara,53.195,50.1513,Russia,RU
49,Omsk,54.99,73.4,Russia,RU
50,Helsinki,60.1756,24.9341,Finland,FI
51,Kazanâ€™,55.7499,49.1263,Russia,RU
52,ZÃ¼rich,47.38,8.55,Switzerland,CH
53,Belgrade,44.8186,20.468,Serbia,RS
54,Chelyabinsk,55.155,61.4387,Russia,RU
55,Copenhagen,55.6786,12.5635,Denmark,DK
56,Dublin,53.3331,-6.2489,Ireland,IE
57,Rostov-na-Donu,47.2346,39.7127,Russia,RU
58,Dnipro,48.48,35,Ukraine,UA
59,Lille,50.65,3.08,France,FR
60,Amsterdam,52.35,4.9166,Netherlands,NL
61,Ufa,54.79,56.04,Russia,RU
62,Rotterdam,51.92,4.48,Netherlands,NL
63,Cologne,50.93,6.95,Germany,DE
64,Tirana,41.3275,19.8189,Albania,AL
65,Oslo,59.9167,10.75,Norway,NO
66,Riga,56.95,24.1,Latvia,LV
67,Zagreb,45.8,16,Croatia,HR
68,Sarajevo,43.85,18.383,Bosnia And Herzegovina,BA
69,Chisinau,47.005,28.8577,Moldova,MD
70,Vilnius,54.6834,25.3166,Lithuania,LT
71,Bratislava,48.15,17.117,Slovakia,SK
72,Tallinn,59.4339,24.728,Estonia,EE
73,Valletta,35.8997,14.5147,Malta,MT
74,Ljubljana,46.0553,14.515,Slovenia,SI
75,Bern,46.9167,7.467,Switzerland,CH
76,ReykjavÃ­k,64.15,-21.95,Iceland,IS
77,Podgorica,42.466,19.2663,Montenegro,ME
78,Luxembourg,49.6117,6.13,Luxembourg,LU
79,Andorra la Vella,42.5,1.5165,Andorra,AD
80,Monaco,43.7396,7.4069,Monaco,MC
81,Vaduz,47.1337,9.5167,Liechtenstein,LI
82,San Marino,43.9172,12.4667,San Marino,SM
83,Permâ€™,58,56.25,Russia,RU
84,Odesa,46.49,30.71,Ukraine,UA
85,Donetsâ€™k,48,37.83,Ukraine,UA
86,Volgograd,48.71,44.5,Russia,RU
87,Salerno,40.6804,14.7699,Italy,IT
88,Nice,43.715,7.265,France,FR
89,Krasnoyarsk,56.014,92.866,Russia,RU
90,Newcastle upon Tyne,55.0004,-1.6,United Kingdom,GB
91,Bilbao,43.25,-2.93,Spain,ES
92,Palermo,38.125,13.35,Italy,IT
93,Caerdydd,51.5,-3.225,United Kingdom,GB
94,Toulouse,43.62,1.4499,France,FR
95,Voronezh,51.73,39.27,Russia,RU
96,Saratov,51.58,46.03,Russia,RU
97,Basel,47.5804,7.59,Switzerland,CH
98,ThessalonÃ­ki,40.6961,22.885,Greece,GR
99,Braga,41.555,-8.4213,Portugal,PT
100,Nottingham,52.9703,-1.17,United Kingdom,GB
101,Liverpool,53.416,-2.918,United Kingdom,GB
102,Valencia,39.485,-0.4,Spain,ES
103,Lâ€™viv,49.835,24.03,Ukraine,UA
104,Bordeaux,44.85,-0.595,France,FR
105,Zaporizhzhya,47.8573,35.1768,Ukraine,UA
106,Wuppertal,51.25,7.17,Germany,DE
107,SaarbrÃ¼cken,49.2504,6.97,Germany,DE
108,ÅÃ³dÅº,51.775,19.4514,Poland,PL
109,KrakÃ³w,50.06,19.96,Poland,PL
110,GdaÅ„sk,54.36,18.64,Poland,PL
111,Nuremberg,49.45,11.08,Germany,DE
112,Bremen,53.08,8.8,Germany,DE
113,Hannover,52.367,9.7167,Germany,DE
114,Tolâ€™yatti,53.4804,49.53,Russia,RU
115,Bonn,50.7205,7.08,Germany,DE
116,Catania,37.5,15.08,Italy,IT
117,Bytom,50.35,18.91,Poland,PL
118,Kryvyy Rih,47.9283,33.345,Ukraine,UA
119,Krasnodar,45.02,39,Russia,RU
120,Zaragoza,41.65,-0.89,Spain,ES
121,Genoa,44.41,8.93,Italy,IT
122,Ulâ€™yanovsk,54.33,48.41,Russia,RU
123,Utrecht,52.1003,5.12,Netherlands,NL
124,WrocÅ‚aw,51.1104,17.03,Poland,PL
125,Izhevsk,56.85,53.23,Russia,RU
126,PoznaÅ„,52.4058,16.8999,Poland,PL
127,Southend-on-Sea,51.55,0.72,United Kingdom,GB
128,Dresden,51.05,13.75,Germany,DE
129,Wiesbaden,50.0804,8.25,Germany,DE
130,Yaroslavlâ€™,57.62,39.87,Russia,RU
131,Barnaul,53.355,83.745,Russia,RU
132,Dortmund,51.53,7.45,Germany,DE
133,Vladivostok,43.13,131.91,Russia,RU
134,Irkutsk,52.32,104.245,Russia,RU
135,Khabarovsk,48.455,135.12,Russia,RU
136,Makhachkala,42.98,47.5,Russia,RU
137,Bristol,51.45,-2.5833,United Kingdom,GB
138,Orenburg,51.78,55.11,Russia,RU
139,MÃ¡laga,36.7204,-4.42,Spain,ES
140,Leipzig,51.3354,12.41,Germany,DE
141,Novokuznetsk,53.75,87.115,Russia,RU
142,GÃ¶teborg,57.75,12,Sweden,SE
143,Tomsk,56.495,84.975,Russia,RU
144,Rouen,49.4304,1.08,France,FR
145,Ryazanâ€™,54.62,39.72,Russia,RU
146,Tyumenâ€™,57.14,65.53,Russia,RU
147,Lipetsk,52.62,39.64,Russia,RU
148,Penza,53.18,45,Russia,RU
149,Mykolayiv,46.9677,31.9843,Ukraine,UA
150,Gliwice,50.3304,18.67,Poland,PL
151,Edinburgh,55.9483,-3.2191,United Kingdom,GB
152,Brighton,50.8303,-0.17,United Kingdom,GB
153,Astrakhanâ€™,46.3487,48.055,Russia,RU
154,Bradford,53.8,-1.75,United Kingdom,GB
155,Bari,41.1142,16.8728,Italy,IT
156,Tula,54.2,37.6299,Russia,RU
157,Bologna,44.5004,11.34,Italy,IT
158,Mariupolâ€™,47.0962,37.5562,Ukraine,UA
159,Homyelâ€™,52.43,31,Belarus,BY
160,Ostrava,49.8304,18.25,Czechia,CZ
161,Kemerovo,55.34,86.09,Russia,RU
162,Piraeus,37.95,23.7,Greece,GR
163,Naberezhnyye Chelny,55.7,52.3199,Russia,RU
164,Leicester,52.63,-1.1332,United Kingdom,GB
165,Kirov,58.5901,49.67,Russia,RU
166,Sunderland,54.92,-1.38,United Kingdom,GB
167,Luhansâ€™k,48.5698,39.3344,Ukraine,UA
168,Belfast,54.6,-5.96,United Kingdom,GB
169,Cheboksary,56.13,47.25,Russia,RU
170,Portsmouth,50.8003,-1.08,United Kingdom,GB
171,Strasbourg,48.58,7.75,France,FR
172,Nantes,47.2104,-1.59,France,FR
173,Kaliningrad,54.7,20.4973,Russia,RU
174,Bryansk,53.26,34.43,Russia,RU
175,Bournemouth,50.73,-1.9,United Kingdom,GB
176,Heidelberg,49.42,8.7,Germany,DE
177,Ivanovo,57.01,41.01,Russia,RU
178,Middlesbrough,54.5804,-1.23,United Kingdom,GB
179,Magnitogorsk,53.4227,58.98,Russia,RU
180,Kursk,51.74,36.19,Russia,RU
181,Metz,49.1203,6.18,France,FR
182,Szczecin,53.4204,14.53,Poland,PL
183,Murcia,37.98,-1.13,Spain,ES
184,Tverâ€™,56.86,35.89,Russia,RU
185,Surgut,61.2599,73.425,Russia,RU
186,Khmelâ€™nytsâ€™kyy,49.4249,27.0015,Ukraine,UA
187,Eindhoven,51.43,5.5,Netherlands,NL
188,Horlivka,48.2996,38.0547,Ukraine,UA
189,Stoke-on-Trent,53.0004,-2.18,United Kingdom,GB
190,Grenoble,45.1804,5.72,France,FR
191,Granada,37.165,-3.585,Spain,ES
192,Brno,49.2004,16.61,Czechia,CZ
193,Coventry,52.4204,-1.5,United Kingdom,GB
194,Southampton,50.9,-1.4,United Kingdom,GB
195,Nizhniy Tagil,57.92,59.975,Russia,RU
196,Vigo,42.22,-8.73,Spain,ES
197,Las Palmas de Gran Canaria,28.1,-15.43,Spain,ES
198,Karlsruhe,49,8.4,Germany,DE
199,Makiyivka,48.0297,37.9746,Ukraine,UA
200,Palma,39.5743,2.6542,Spain,ES
201,Kaunas,54.9504,23.88,Lithuania,LT
202,A CoruÃ±a,43.33,-8.42,Spain,ES
203,Reading,51.47,-0.98,United Kingdom,GB
204,Mahilyow,53.8985,30.3247,Belarus,BY
205,Bydgoszcz,53.1204,18.01,Poland,PL
206,Vladikavkaz,43.0504,44.67,Russia,RU
207,Stavropolâ€™,45.05,41.98,Russia,RU
208,Ulan-Ude,51.825,107.625,Russia,RU
209,Lublin,51.2504,22.5727,Poland,PL
210,Augsburg,48.35,10.9,Germany,DE
211,Toulon,43.1342,5.9188,France,FR
212,Donostia,43.3204,-1.98,Spain,ES
213,Arkhangelâ€™sk,64.575,40.545,Russia,RU
214,Vinnytsya,49.2254,28.4816,Ukraine,UA
215,Haarlem,52.3804,4.63,Netherlands,NL
216,Linz,48.3192,14.2888,Austria,AT
217,Verona,45.4404,10.99,Italy,IT
218,Belgorod,50.63,36.5999,Russia,RU
219,Kurgan,55.46,65.345,Russia,RU
220,Vitsyebsk,55.1887,30.1853,Belarus,BY
221,Plovdiv,42.154,24.754,Bulgaria,BG
222,Kaluga,54.5204,36.27,Russia,RU
223,Santa Cruz de Tenerife,28.47,-16.25,Spain,ES
224,GijÃ³n,43.53,-5.67,Spain,ES
225,OrÃ«l,52.97,36.07,Russia,RU
226,Bielefeld,52.03,8.53,Germany,DE
227,Sochi,43.59,39.73,Russia,RU
228,Montpellier,43.6104,3.87,France,FR
229,IaÅŸi,47.1683,27.5749,Romania,RO
230,Yoshkar-Ola,56.6354,47.8749,Russia,RU
231,Volzhskiy,48.7948,44.7744,Russia,RU
232,Valladolid,41.65,-4.75,Spain,ES
233,CÃ³rdoba,37.88,-4.77,Spain,ES
234,Smolensk,54.7827,32.0473,Russia,RU
235,Podolâ€™sk,55.3804,37.5299,Russia,RU
236,Kherson,46.6325,32.6007,Ukraine,UA
237,Murmansk,68.97,33.1,Russia,RU
238,Vladimir,56.13,40.4099,Russia,RU
239,Poltava,49.574,34.5703,Ukraine,UA
240,Hrodna,53.6779,23.8341,Belarus,BY
241,Cluj-Napoca,46.7884,23.5984,Romania,RO
242,Alicante,38.3512,-0.4836,Spain,ES
243,TimiÅŸoara,45.7588,21.2234,Romania,RO
244,Pescara,42.4554,14.2187,Italy,IT
245,Gdynia,54.5204,18.53,Poland,PL
246,Varna,43.2156,27.8953,Bulgaria,BG
247,Koblenz,50.3505,7.6,Germany,DE
248,Cherepovets,59.1404,37.91,Russia,RU
249,GalaÅ£i,45.4559,28.0459,Romania,RO
250,BraÅŸov,45.6475,25.6072,Romania,RO
251,Chita,52.055,113.465,Russia,RU
252,Nalâ€™chik,43.4981,43.6179,Russia,RU
253,Chernihiv,51.5049,31.3015,Ukraine,UA
254,Craiova,44.3263,23.8259,Romania,RO
255,ConstanÅ£a,44.2027,28.61,Romania,RO
256,Saransk,54.1704,45.18,Russia,RU
257,Chemnitz,50.83,12.92,Germany,DE
258,Kingston upon Hull,53.7504,-0.33,United Kingdom,GB
259,Tambov,52.73,41.43,Russia,RU
260,Brest,52.1,23.7,Belarus,BY
261,Chernivtsi,48.3053,25.9216,Ukraine,UA
262,Cherkasy,49.4347,32.0709,Ukraine,UA
263,Vologda,59.21,39.92,Russia,RU
264,Sumy,50.9243,34.7809,Ukraine,UA
265,Abertawe,51.63,-3.95,United Kingdom,GB
266,BiaÅ‚ystok,53.1504,23.17,Poland,PL
267,Cagliari,39.2224,9.104,Italy,IT
268,Kassel,51.3,9.5,Germany,DE
269,CÃ¡diz,36.535,-6.225,Spain,ES
270,Zhytomyr,50.2456,28.6622,Ukraine,UA
271,Taganrog,47.23,38.92,Russia,RU
272,Kostroma,57.77,40.94,Russia,RU
273,Komsomolâ€™sk-na-Amure,50.555,137.02,Russia,RU
274,Prokopâ€™yevsk,53.9,86.71,Russia,RU
275,Pamplona,42.82,-1.65,Spain,ES
276,Blackpool,53.8304,-3.05,United Kingdom,GB
277,Venice,45.4387,12.335,Italy,IT
278,MÃ¼nster,51.9704,7.62,Germany,DE
279,Kiel,54.3304,10.13,Germany,DE
280,MalmÃ¶,55.5833,13.0333,Sweden,SE
281,Nancy,48.6837,6.2,France,FR
282,Sterlitamak,53.63,55.96,Russia,RU
283,Lausanne,46.5304,6.65,Switzerland,CH
284,Saint-Ã‰tienne,45.4304,4.38,France,FR
285,Petrozavodsk,61.85,34.28,Russia,RU
286,Graz,47.0778,15.41,Austria,AT
287,Tampere,61.5,23.75,Finland,FI
288,Dzerzhinsk,56.2504,43.46,Russia,RU
289,Rivne,50.6166,26.2528,Ukraine,UA
290,Freiburg im Breisgau,48.0004,7.8699,Germany,DE
291,Messina,38.2005,15.55,Italy,IT
292,Caserta,41.06,14.3374,Italy,IT
293,Como,45.81,9.08,Italy,IT
294,NiÅ¡,43.3304,21.9,Serbia,RS
295,Lucerne,47.0504,8.28,Switzerland,CH
296,Kropyvnytsâ€™kyy,48.5041,32.2603,Ukraine,UA
297,Melun,48.5333,2.6666,France,FR
298,Miskolc,48.1004,20.78,Hungary,HU
299,Plymouth,50.3854,-4.16,United Kingdom,GB
300,Orsk,51.21,58.6273,Russia,RU
301,Bratsk,56.157,101.615,Russia,RU
302,RzeszÃ³w,50.0705,22,Poland,PL
303,Nizhnevartovsk,60.935,76.58,Russia,RU
304,Ternopilâ€™,49.536,25.5821,Ukraine,UA
305,Braunschweig,52.25,10.5,Germany,DE
306,Angarsk,52.56,103.92,Russia,RU
307,Le Havre,49.505,0.105,France,FR
308,Novorossiysk,44.73,37.7699,Russia,RU
309,Ivano-Frankivsâ€™k,48.9348,24.7094,Ukraine,UA
310,FÃ¼rth,49.47,11,Germany,DE
311,Aarhus,56.1572,10.2107,Denmark,DK
312,KoÅ¡ice,48.7304,21.25,Slovakia,SK
313,Tours,47.3804,0.6999,France,FR
314,Luton,51.8804,-0.42,United Kingdom,GB
315,Oviedo,43.3505,-5.83,Spain,ES
316,Yakutsk,62.035,129.735,Russia,RU
317,LÃ¼beck,53.8704,10.67,Germany,DE
318,Nizhnekamsk,55.6404,51.82,Russia,RU
319,Clermont-Ferrand,45.78,3.08,France,FR
320,Kremenchuk,49.0835,33.4296,Ukraine,UA
321,PloieÅŸti,44.9469,26.0365,Romania,RO
322,Debrecen,47.5305,21.63,Hungary,HU
323,OsnabrÃ¼ck,52.2804,8.05,Germany,DE
324,Syktyvkar,61.66,50.82,Russia,RU
325,Magdeburg,52.1304,11.62,Germany,DE
326,Noginsk,55.8704,38.48,Russia,RU
327,Noginsk,64.4833,91.2333,Russia,RU
328,Staryy Oskol,51.3004,37.84,Russia,RU
329,Groznyy,43.3187,45.6987,Russia,RU
330,Kolpino,59.73,30.65,Russia,RU
331,Novi Sad,45.2504,19.8499,Serbia,RS
332,Vitoria-Gasteiz,42.85,-2.67,Spain,ES
333,Banja Luka,44.7804,17.18,Bosnia And Herzegovina,BA
334,Shakhty,47.7204,40.27,Russia,RU
335,Blagoveshchensk,50.2666,127.5333,Russia,RU
336,Babruysk,53.1266,29.1928,Belarus,BY
337,Velikiy Novgorod,58.5,31.33,Russia,RU
338,Potsdam,52.4004,13.07,Germany,DE
339,OrlÃ©ans,47.9004,1.9,France,FR
340,Rybinsk,58.0503,38.82,Russia,RU
341,Groningen,53.2204,6.58,Netherlands,NL
342,Trieste,45.6504,13.8,Italy,IT
343,Kielce,50.8904,20.66,Poland,PL
344,Mulhouse,47.7504,7.35,France,FR
345,Biysk,52.5341,85.18,Russia,RU
346,Split,43.5204,16.47,Croatia,HR
347,Oradea,47.05,21.92,Romania,RO
348,Lutsâ€™k,50.7472,25.3334,Ukraine,UA
349,Bergen,60.391,5.3245,Norway,NO
350,BrÄƒila,45.292,27.969,Romania,RO
351,Rennes,48.1,-1.67,France,FR
352,Santander,43.3805,-3.8,Spain,ES
353,Salzburg,47.8105,13.04,Austria,AT
354,Funchal,32.65,-16.88,Portugal,PT
355,Pisa,43.7205,10.4,Italy,IT
356,Erfurt,50.9701,11.03,Germany,DE
357,Rostock,54.0704,12.15,Germany,DE
358,Taranto,40.5084,17.23,Italy,IT
359,Pskov,57.83,28.3299,Russia,RU
360,Cartagena,37.6004,-0.98,Spain,ES
361,Bergamo,45.7004,9.67,Italy,IT
362,BacÄƒu,46.5784,26.9196,Romania,RO
363,Balakovo,52.03,47.8,Russia,RU
364,Armavir,45.0004,41.13,Russia,RU
365,Bila Tserkva,49.7743,30.1309,Ukraine,UA
366,Reims,49.2504,4.03,France,FR
367,Engelâ€™s,51.5004,46.12,Russia,RU
368,Burgas,42.5146,27.4746,Bulgaria,BG
369,Severodvinsk,64.57,39.83,Russia,RU
370,Oxford,51.7704,-1.25,United Kingdom,GB
371,KlaipÄ—da,55.7204,21.1199,Lithuania,LT
372,Zlatoust,55.175,59.65,Russia,RU
373,Norwich,52.6304,1.3,United Kingdom,GB
374,Caen,49.1838,-0.35,France,FR
375,Aberdeen,57.1704,-2.08,United Kingdom,GB
376,Syzranâ€™,53.17,48.48,Russia,RU
377,Cork,51.8986,-8.4958,Ireland,IE
378,Angers,47.48,-0.53,France,FR
379,Szeged,46.2504,20.15,Hungary,HU
380,Petropavlovsk-Kamchatskiy,53.062,158.623,Russia,RU
381,Olsztyn,53.8,20.48,Poland,PL
382,PÃ©cs,46.0804,18.22,Hungary,HU
383,Marbella,36.5166,-4.8833,Spain,ES
384,Mainz,49.9825,8.2732,Germany,DE
385,Ruse,43.8537,25.9733,Bulgaria,BG
386,Kramatorsâ€™k,48.7194,37.5344,Ukraine,UA
387,MatarÃ³,41.54,2.45,Spain,ES
388,Kamensk-Uralâ€™skiy,56.4205,61.935,Russia,RU
389,CastellÃ³n de la Plana,39.9704,-0.05,Spain,ES
390,Reggio di Calabria,38.115,15.6414,Italy,IT
391,AlmerÃ­a,36.8303,-2.43,Spain,ES
392,Treviso,45.67,12.24,Italy,IT
393,NyÃ­regyhÃ¡za,47.9653,21.7187,Hungary,HU
394,Yuzhno-Sakhalinsk,46.965,142.74,Russia,RU
395,Turku,60.4539,22.255,Finland,FI
396,Modena,44.65,10.92,Italy,IT
397,Stavanger,58.97,5.68,Norway,NO
398,Ulm,48.4004,10,Germany,DE
399,Kragujevac,44.02,20.92,Serbia,RS
400,PiteÅŸti,44.8563,24.8758,Romania,RO
401,Rijeka,45.33,14.45,Croatia,HR
402,Burgos,42.3504,-3.68,Spain,ES
403,ÄŒaÄak,43.8897,20.3301,Serbia,RS
404,Dijon,47.3304,5.03,France,FR
405,NÃ®mes,43.8304,4.35,France,FR
406,Arad,46.17,21.32,Romania,RO
407,Baranavichy,53.1368,26.0134,Belarus,BY
408,WÃ¼rzburg,49.8004,9.95,Germany,DE
409,Berezniki,59.42,56.76,Russia,RU
410,Volgodonsk,47.51,42.1599,Russia,RU
411,Miass,54.9954,60.0949,Russia,RU
412,Oldenburg,53.13,8.22,Germany,DE
413,Abakan,53.7037,91.445,Russia,RU
414,Novocherkassk,47.42,40.08,Russia,RU
415,Parma,44.8104,10.32,Italy,IT
416,Norilâ€™sk,69.34,88.225,Russia,RU
417,Elbasan,41.1215,20.0838,Albania,AL
418,Zenica,44.22,17.92,Bosnia And Herzegovina,BA
419,Regensburg,49.0204,12.12,Germany,DE
420,PlzeÅˆ,49.7404,13.36,Czechia,CZ
421,PÃ¡tra,38.23,21.73,Greece,GR
422,Ingolstadt,48.7704,11.45,Germany,DE
423,Mostar,43.3505,17.82,Bosnia And Herzegovina,BA
424,Lecce,40.3604,18.15,Italy,IT
425,Salamanca,40.9704,-5.67,Spain,ES
426,Rubtsovsk,51.52,81.21,Russia,RU
427,Salavat,53.3703,55.93,Russia,RU
428,Nakhodka,42.8374,132.8874,Russia,RU
429,Nakhodka,67.7504,77.52,Russia,RU
430,York,53.9704,-1.08,United Kingdom,GB
431,Maykop,44.61,40.12,Russia,RU
432,Odense,55.4004,10.3833,Denmark,DK
433,Albacete,39.0003,-1.87,Spain,ES
434,Melitopolâ€™,46.8378,35.3775,Ukraine,UA
435,Ussuriysk,43.8,132.02,Russia,RU
436,Tiraspol,46.8531,29.64,Moldova,MD
437,Livorno,43.5511,10.3023,Italy,IT
438,ShkodÃ«r,42.0685,19.5188,Albania,AL
439,Sibiu,45.7971,24.1371,Romania,RO
440,Horad Barysaw,54.226,28.4922,Belarus,BY
441,Innsbruck,47.2804,11.41,Austria,AT
442,Foggia,41.4605,15.56,Italy,IT
443,Kovrov,56.3604,41.33,Russia,RU
444,Novokuybyshevsk,53.12,49.9199,Russia,RU
445,Limoges,45.83,1.25,France,FR
446,Dundee,56.4704,-3,United Kingdom,GB
447,BÄƒlÅ£i,47.7591,27.9053,Moldova,MD
448,Uzhhorod,48.63,22.25,Ukraine,UA
449,TÃ¢rgu-MureÅŸ,46.5582,24.5578,Romania,RO
450,Perugia,43.1104,12.39,Italy,IT
451,Kolomna,55.08,38.785,Russia,RU
452,Trondheim,63.4167,10.4167,Norway,NO
453,Aix-en-Provence,43.52,5.45,France,FR
454,Perpignan,42.7,2.9,France,FR
455,Biarritz,43.4733,-1.5616,France,FR
456,Brest,48.3904,-4.495,France,FR
457,Le Mans,48.0004,0.1,France,FR
458,Tuzla,44.5505,18.68,Bosnia And Herzegovina,BA
459,SzÃ©kesfehÃ©rvÃ¡r,47.1947,18.4081,Hungary,HU
460,Huelva,37.2504,-6.9299,Spain,ES
461,Ipswich,52.0703,1.17,United Kingdom,GB
462,LogroÃ±o,42.4704,-2.43,Spain,ES
463,Stara Zagora,42.4231,25.6227,Bulgaria,BG
464,Amiens,49.9004,2.3,France,FR
465,Pyatigorsk,44.08,43.09,Russia,RU
466,Arzamas,55.4,43.8,Russia,RU
467,DurrÃ«s,41.3178,19.4482,Albania,AL
468,Arnhem,51.988,5.923,Netherlands,NL
469,Ciudad de Melilla,35.3,-2.95,Spain,ES
470,Alâ€™metâ€™yevsk,54.9004,52.3199,Russia,RU
471,Orekhovo-Zuyevo,55.82,38.98,Russia,RU
472,Peterborough,52.5804,-0.25,United Kingdom,GB
473,Badajoz,38.8804,-6.97,Spain,ES
474,GÃ¶ttingen,51.5204,9.92,Germany,DE
475,Bremerhaven,53.5504,8.58,Germany,DE
476,IrÃ¡kleio,35.325,25.1305,Greece,GR
477,Oulu,65,25.47,Finland,FI
478,Baia Mare,47.6595,23.5791,Romania,RO
479,LeÃ³n,42.58,-5.57,Spain,ES
480,GyÅ‘r,47.7004,17.63,Hungary,HU
481,Serpukhov,54.9304,37.43,Russia,RU
482,Orsha,54.5153,30.4215,Belarus,BY
483,Ravenna,44.4204,12.22,Italy,IT
484,â€™s-Hertogenbosch,51.6833,5.3167,Netherlands,NL
485,Nevinnomyssk,44.6201,41.95,Russia,RU
486,Pervouralâ€™sk,56.91,59.955,Russia,RU
487,Å iauliai,55.9386,23.325,Lithuania,LT
488,Uppsala,59.8601,17.64,Sweden,SE
489,Kislovodsk,43.91,42.72,Russia,RU
490,Dimitrovgrad,54.2504,49.56,Russia,RU
491,Opole,50.685,17.9313,Poland,PL
492,Murom,55.5704,42.04,Russia,RU
493,Ferrara,44.8504,11.6099,Italy,IT
494,Novomoskovsk,54.09,38.22,Russia,RU
495,BuzÄƒu,45.1565,26.8065,Romania,RO
496,Pinsk,52.1279,26.0941,Belarus,BY
497,Nikopolâ€™,47.5666,34.4062,Ukraine,UA
498,LÃ¡risa,39.6304,22.42,Greece,GR
499,Kamyshin,50.0804,45.4,Russia,RU
500,Cambridge,52.2004,0.1166,United Kingdom,GB
501,BesanÃ§on,47.23,6.03,France,FR
502,ElblÄ…g,54.19,19.4027,Poland,PL
503,PanevÄ—Å¾ys,55.74,24.37,Lithuania,LT
504,Neftekamsk,56.0835,54.2631,Russia,RU
505,Tarragona,41.1204,1.25,Spain,ES
506,Leeuwarden,53.2504,5.7834,Netherlands,NL
507,ZlÃ­n,49.2304,17.65,Czechia,CZ
508,Lysychansâ€™k,48.9204,38.4274,Ukraine,UA
509,Drohobych,49.3444,23.4994,Ukraine,UA
510,Siracusa,37.0704,15.29,Italy,IT
511,Maastricht,50.853,5.677,Netherlands,NL
512,Aalborg,57.0337,9.9166,Denmark,DK
513,Sassari,40.73,8.57,Italy,IT
514,Udine,46.07,13.24,Italy,IT
515,Pleven,43.4238,24.6134,Bulgaria,BG
516,Zielona GÃ³ra,51.9504,15.5,Poland,PL
517,Berdyansâ€™k,46.7568,36.7868,Ukraine,UA
518,Ourense,42.33,-7.87,Spain,ES
519,SetÃºbal,38.53,-8.9,Portugal,PT
520,Achinsk,56.27,90.5,Russia,RU
521,Vyborg,60.7039,28.7549,Russia,RU
522,JaÃ©n,37.7704,-3.8,Spain,ES
523,Nizhyn,51.0541,31.8903,Ukraine,UA
524,Cherkessk,44.2904,42.06,Russia,RU
525,Yelets,52.58,38.5,Russia,RU
526,BotoÅŸani,47.7484,26.6597,Romania,RO
527,Kamâ€yanetsâ€™-Podilâ€™sâ€™kyy,48.6843,26.5809,Ukraine,UA
528,Maribor,46.5405,15.65,Slovenia,SI
529,KecskemÃ©t,46.9,19.7,Hungary,HU
530,Tobolâ€™sk,58.1998,68.2648,Russia,RU
531,SÃ¸rum,59.9135,11.3472,Norway,NO
532,Exeter,50.7004,-3.53,United Kingdom,GB
533,Nefteyugansk,61.0777,72.7027,Russia,RU
534,Satu Mare,47.792,22.885,Romania,RO
535,Mazyr,52.046,29.2722,Belarus,BY
536,Zwolle,52.524,6.097,Netherlands,NL
537,Daugavpils,55.88,26.51,Latvia,LV
538,Algeciras,36.1267,-5.4665,Spain,ES
539,VÃ³los,39.37,22.95,Greece,GR
540,Noyabrâ€™sk,63.1665,75.6165,Russia,RU
541,Bataysk,47.1368,39.7449,Russia,RU
542,Szombathely,47.2253,16.6287,Hungary,HU
543,Szolnok,47.1864,20.1794,Hungary,HU
544,Sergiyev Posad,56.33,38.17,Russia,RU
545,Leninsk-Kuznetskiy,54.66,86.17,Russia,RU
546,KaposvÃ¡r,46.367,17.8,Hungary,HU
547,Kyzyl,51.7067,94.3831,Russia,RU
548,Oktyabrâ€™skiy,54.46,53.46,Russia,RU
549,Barletta,41.32,16.27,Italy,IT
550,Trento,46.0804,11.12,Italy,IT
551,RÃ¢mnicu VÃ¢lcea,45.11,24.383,Romania,RO
552,Koszalin,54.2,16.1833,Poland,PL
553,Obninsk,55.0804,36.62,Russia,RU
554,VÃ¤sterÃ¥s,59.63,16.54,Sweden,SE
555,Chapayevsk,52.9743,49.7243,Russia,RU
556,Pardubice,50.0404,15.76,Czechia,CZ
557,Elista,46.3287,44.2087,Russia,RU
558,Kandalaksha,67.1643,32.4144,Russia,RU
559,Coimbra,40.2004,-8.4167,Portugal,PT
560,Drobeta-Turnu Severin,44.6459,22.6659,Romania,RO
561,Novotroitsk,51.2,58.33,Russia,RU
562,Derbent,42.0578,48.2774,Russia,RU
563,Suceava,47.6377,26.2593,Romania,RO
564,Annecy,45.9,6.1167,France,FR
565,Lugano,46.0004,8.9667,Switzerland,CH
566,FocÅŸani,45.6966,27.1865,Romania,RO
567,Cottbus,51.7704,14.33,Germany,DE
568,Prijedor,44.9804,16.7,Bosnia And Herzegovina,BA
569,Jena,50.9304,11.58,Germany,DE
570,Gera,50.8704,12.07,Germany,DE
571,Brindisi,40.6403,17.93,Italy,IT
572,KiselÃ«vsk,54,86.64,Russia,RU
573,Konotop,51.2424,33.209,Ukraine,UA
574,Velikiye Luki,56.32,30.52,Russia,RU
575,Piatra NeamÅ£,46.94,26.383,Romania,RO
576,GrudziÄ…dz,53.4804,18.75,Poland,PL
577,Ukhta,63.56,53.69,Russia,RU
578,Liberec,50.8,15.08,Czechia,CZ
579,Kansk,56.19,95.71,Russia,RU
580,Sarapul,56.4791,53.7987,Russia,RU
581,Maladzyechna,54.3188,26.8653,Belarus,BY
582,Olomouc,49.63,17.25,Czechia,CZ
583,Tartu,58.3839,26.7099,Estonia,EE
584,Novara,45.45,8.62,Italy,IT
585,Solikamsk,59.67,56.75,Russia,RU
586,Glazov,58.1232,52.6288,Russia,RU
587,Ancona,43.6004,13.4999,Italy,IT
588,Ustâ€™-Ilimsk,57.99,102.6333,Russia,RU
589,Lida,53.8885,25.2846,Belarus,BY
590,Subotica,46.07,19.68,Serbia,RS
591,ÄŒeskÃ© BudÄ›jovice,48.98,14.46,Czechia,CZ
592,Lahti,60.9939,25.6649,Finland,FI
593,Ã–rebro,59.2803,15.22,Sweden,SE
594,JyvÃ¤skylÃ¤,62.2603,25.75,Finland,FI
595,Slavonski Brod,45.1603,18.0156,Croatia,HR
596,TÃ¢rgu Jiu,45.045,23.274,Romania,RO
597,Shostka,51.8734,33.4797,Ukraine,UA
598,LinkÃ¶ping,58.41,15.6299,Sweden,SE
599,Schwerin,53.6333,11.4167,Germany,DE
600,Sliven,42.6794,26.33,Bulgaria,BG
601,Kuznetsk,53.1204,46.6,Russia,RU
602,Magadan,59.575,150.81,Russia,RU
603,Catanzaro,38.9004,16.6,Italy,IT
604,Hradec KrÃ¡lovÃ©,50.206,15.812,Czechia,CZ
605,Osijek,45.5504,18.68,Croatia,HR
606,Dobrich,43.5851,27.84,Bulgaria,BG
607,PreÅ¡ov,48.9997,21.2394,Slovakia,SK
608,ÃšstÃ­ nad Labem,50.663,14.081,Czechia,CZ
609,Michurinsk,52.9,40.5,Russia,RU
610,Bath,51.3837,-2.35,United Kingdom,GB
611,Tulcea,45.1993,28.7967,Romania,RO
612,Santiago de Compostela,42.8829,-8.5411,Spain,ES
613,Calais,50.9504,1.8333,France,FR
614,Kuopio,62.8943,27.6949,Finland,FI
615,Helsingborg,56.0505,12.7,Sweden,SE
616,Drammen,59.7572,10.1907,Norway,NO
617,Klagenfurt,46.6203,14.31,Austria,AT
618,Limerick,52.6647,-8.6231,Ireland,IE
619,JÃ¶nkÃ¶ping,57.7713,14.165,Sweden,SE
620,VlorÃ«,40.4774,19.4982,Albania,AL
621,Chester,53.2,-2.92,United Kingdom,GB
622,Brovary,50.4943,30.7809,Ukraine,UA
623,TÃ¢rgoviÅŸte,44.938,25.459,Romania,RO
624,Umanâ€™,48.7543,30.2109,Ukraine,UA
625,Å½ilina,49.2198,18.7494,Slovakia,SK
626,Shumen,43.27,26.9294,Bulgaria,BG
627,IoÃ¡nnina,39.6679,20.8509,Greece,GR
628,Poitiers,46.5833,0.3333,France,FR
629,Versailles,48.8005,2.1333,France,FR
630,LiepÄja,56.51,21.01,Latvia,LV
631,Lorient,47.7504,-3.3666,France,FR
632,Derry,55.0004,-7.3333,United Kingdom,GB
633,ReÅŸiÅ£a,45.297,21.8865,Romania,RO
634,Pernik,42.61,23.0227,Bulgaria,BG
635,BanskÃ¡ Bystrica,48.7333,19.15,Slovakia,SK
636,Fier,40.73,19.573,Albania,AL
637,Kaspiysk,42.8747,47.6244,Russia,RU
638,BistriÅ£a,47.138,24.513,Romania,RO
639,Haskovo,41.9438,25.5633,Bulgaria,BG
640,InowrocÅ‚aw,52.7799,18.25,Poland,PL
641,Slatina,44.435,24.371,Romania,RO
642,ChaniÃ¡,35.5122,24.0156,Greece,GR
643,Biel/Bienne,47.1666,7.25,Switzerland,CH
644,Ciudad de Ceuta,35.889,-5.307,Spain,ES
645,UmeÃ¥,63.83,20.24,Sweden,SE
646,La Rochelle,46.1667,-1.15,France,FR
647,Pori,61.4789,21.7749,Finland,FI
648,Birobidzhan,48.7974,132.9508,Russia,RU
649,Buynaksk,42.8335,47.113,Russia,RU
650,Galway,53.2724,-9.0488,Ireland,IE
651,Greenock,55.9333,-4.75,United Kingdom,GB
652,Toledo,39.867,-4.0167,Spain,ES
653,Karlstad,59.3671,13.4999,Sweden,SE
654,Skien,59.2,9.6,Norway,NO
655,Roanne,46.0333,4.0667,France,FR
656,CÄƒlÄƒraÅŸi,44.2063,27.3259,Romania,RO
657,Georgiyevsk,44.1599,43.4699,Russia,RU
658,Carlisle,54.88,-2.93,United Kingdom,GB
659,Esbjerg,55.467,8.45,Denmark,DK
660,Vratsa,43.21,23.5625,Bulgaria,BG
661,Zadar,44.1201,15.2623,Croatia,HR
662,Sankt Gallen,47.423,9.362,Switzerland,CH
663,Scarborough,54.2804,-0.43,United Kingdom,GB
664,TatabÃ¡nya,47.55,18.433,Hungary,HU
665,Trnava,48.3666,17.6,Slovakia,SK
666,Vaslui,46.6333,27.7333,Romania,RO
667,Giurgiu,43.93,25.84,Romania,RO
668,Potenza,40.642,15.799,Italy,IT
669,Ayr,55.4504,-4.6167,United Kingdom,GB
670,GÃ¤vle,60.667,17.1666,Sweden,SE
671,Lâ€™Aquila,42.3504,13.39,Italy,IT
672,Khanty-Mansiysk,61.0015,69.0015,Russia,RU
673,Jelgava,56.6527,23.7128,Latvia,LV
674,Alba Iulia,46.077,23.58,Romania,RO
675,BÃ©kÃ©scsaba,46.672,21.101,Hungary,HU
676,Arras,50.2833,2.7833,France,FR
677,Zrenjanin,45.3786,20.3995,Serbia,RS
678,Kristiansand,58.1666,8,Norway,NO
679,Cahul,45.9079,28.1944,Moldova,MD
680,ZalÄƒu,47.175,23.063,Romania,RO
681,Assen,53,6.55,Netherlands,NL
682,VeszprÃ©m,47.091,17.911,Hungary,HU
683,Zalaegerszeg,46.844,16.84,Hungary,HU
684,Troyes,48.3404,4.0834,France,FR
685,Ponta Delgada,37.7483,-25.6666,Portugal,PT
686,PortimÃ£o,37.1337,-8.5333,Portugal,PT
687,Cherbourg,49.6504,-1.65,France,FR
688,SfÃ¢ntu-Gheorghe,45.868,25.793,Romania,RO
689,Gorno-Altaysk,51.9613,85.9577,Russia,RU
690,VÃ¤xjÃ¶,56.8837,14.8167,Sweden,SE
691,Lappeenranta,61.0671,28.1833,Finland,FI
692,KorÃ§Ã«,40.6167,20.7667,Albania,AL
693,Agen,44.2004,0.6333,France,FR
694,Vaasa,63.1,21.6,Finland,FI
695,RÃ³dos,36.4412,28.2225,Greece,GR
696,Eger,47.895,20.383,Hungary,HU
697,EÅ‚k,53.8337,22.35,Poland,PL
698,Halmstad,56.6718,12.8556,Sweden,SE
699,Ã‰vora,38.56,-7.906,Portugal,PT
700,Karlovac,45.4872,15.5478,Croatia,HR
701,Tarbes,43.2333,0.0833,France,FR
702,Ajaccio,41.9271,8.7283,France,FR
703,Aveiro,40.641,-8.651,Portugal,PT
704,Chornomorsâ€™k,46.3,30.6666,Ukraine,UA
705,Jihlava,49.4004,15.5833,Czechia,CZ
706,Joensuu,62.6,29.7666,Finland,FI
707,Saint-Brieuc,48.5167,-2.7833,France,FR
708,Veliko Tarnovo,43.0862,25.6555,Bulgaria,BG
709,Arrecife,28.969,-13.5378,Spain,ES
710,Slobozia,44.57,27.382,Romania,RO
711,TromsÃ¸,69.6351,18.992,Norway,NO
712,MÃ©rida,38.912,-6.338,Spain,ES
713,Vejle,55.709,9.535,Denmark,DK
714,Kyustendil,42.2843,22.6911,Bulgaria,BG
715,Campobasso,41.563,14.656,Italy,IT
716,Kanash,55.5091,47.4687,Russia,RU
717,Morshansk,53.4547,41.8044,Russia,RU
718,Alexandria,43.9016,25.2867,Romania,RO
719,Waterford,52.2583,-7.1119,Ireland,IE
720,LuleÃ¥,65.5966,22.1584,Sweden,SE
721,Mtsensk,53.2647,36.5472,Russia,RU
722,Montana,43.414,23.237,Bulgaria,BG
723,HÃ¤meenlinna,60.997,24.472,Finland,FI
724,LamÃ­a,38.899,22.434,Greece,GR
725,Berat,40.71,19.972,Albania,AL
726,Kokkola,63.8333,23.1167,Finland,FI
727,Mikkeli,61.69,27.285,Finland,FI
728,Middelburg,51.502,3.61,Netherlands,NL
729,Ã–stersund,63.1833,14.65,Sweden,SE
730,Nevers,46.9837,3.1667,France,FR
731,KomotinÃ­,41.1333,25.4167,Greece,GR
732,Inverness,57.4671,-4.2333,United Kingdom,GB
733,Leiria,39.739,-8.805,Portugal,PT
734,TrollhÃ¤ttan,58.2671,12.3,Sweden,SE
735,PÃ¤rnu,58.3747,24.5136,Estonia,EE
736,Vichy,46.1171,3.4167,France,FR
737,Ventspils,57.3899,21.5606,Latvia,LV
738,Dieppe,49.9337,1.0833,France,FR
739,Lovech,43.138,24.719,Bulgaria,BG
740,Miercurea-Ciuc,46.361,25.524,Romania,RO
741,Faro,37.0171,-7.9333,Portugal,PT
742,Bastia,42.7032,9.45,France,FR
743,Perth,56.4003,-3.47,United Kingdom,GB
744,SalgÃ³tarjÃ¡n,48.105,19.826,Hungary,HU
745,DÃºn Dealgan,54.0004,-6.4167,Ireland,IE
746,KÃ©rkyra,39.6154,19.9147,Greece,GR
747,RÄ“zekne,56.5,27.3166,Latvia,LV
748,Chur,46.85,9.5,Switzerland,CH
749,Razgrad,43.534,26.536,Bulgaria,BG
750,Salekhard,66.535,66.61,Russia,RU
751,Å ibenik,43.7272,15.9058,Croatia,HR
752,Dubrovnik,42.6609,18.0914,Croatia,HR
753,Drogheda,53.7193,-6.3478,Ireland,IE
754,Falun,60.613,15.647,Sweden,SE
755,Dover,51.1337,1.3,United Kingdom,GB
756,Beja,38.014,-7.863,Portugal,PT
757,Shumerlya,55.4848,46.4244,Russia,RU
758,Karlskrona,56.203,15.296,Sweden,SE
759,Kalmar,56.667,16.3666,Sweden,SE
760,Viborg,56.4333,9.4,Denmark,DK
761,Rovaniemi,66.5,25.7159,Finland,FI
762,BraganÃ§a,41.808,-6.755,Portugal,PT
763,SzekszÃ¡rd,46.344,18.713,Hungary,HU
764,BodÃ¸,67.2468,14.399,Norway,NO
765,Aosta,45.737,7.315,Italy,IT
766,Castelo Branco,39.811,-7.488,Portugal,PT
767,Kotovsk,52.5947,41.5044,Russia,RU
768,Fribourg,46.8,7.15,Switzerland,CH
769,Guarda,40.541,-7.262,Portugal,PT
770,NeuchÃ¢tel,46.999,6.923,Switzerland,CH
771,Kouvola,60.876,26.709,Finland,FI
772,Dumfries,55.0671,-3.55,United Kingdom,GB
773,Arendal,58.4648,8.766,Norway,NO
774,Hamar,60.82,11.069,Norway,NO
775,SantarÃ©m,39.231,-8.682,Portugal,PT
776,MytilÃ­ni,39.1104,26.5546,Greece,GR
777,TrÃ­poli,37.5091,22.3794,Greece,GR
778,HillerÃ¸d,55.9333,12.3167,Denmark,DK
779,NykÃ¶ping,58.764,17.015,Sweden,SE
780,Bregenz,47.5167,9.7667,Austria,AT
781,Tralee,52.2667,-9.7167,Ireland,IE
782,Viseu,40.657,-7.91,Portugal,PT
783,CovilhÃ£,40.2833,-7.5,Portugal,PT
784,GjirokastÃ«r,40.079,20.149,Albania,AL
785,Zug,47.179,8.487,Switzerland,CH
786,Visby,57.6337,18.3,Sweden,SE
787,Narâ€™yan-Mar,67.6474,53.0574,Russia,RU
788,Kilkenny,52.6545,-7.2523,Ireland,IE
789,Omagh,54.6,-7.3,United Kingdom,GB
790,Penzance,50.1337,-5.55,United Kingdom,GB
791,Viljandi,58.3639,25.59,Estonia,EE
792,Sligo,54.2671,-8.4833,Ireland,IE
793,Lillehammer,61.1333,10.5,Norway,NO
794,LezhÃ«,41.788,19.654,Albania,AL
795,Molde,62.7483,7.1833,Norway,NO
796,Kirsanov,52.6574,42.7174,Russia,RU
797,KukÃ«s,42.083,20.434,Albania,AL
798,HÃ¤rnÃ¶sand,62.634,17.934,Sweden,SE
799,Vila Real,41.294,-7.737,Portugal,PT
800,Portalegre,39.29,-7.423,Portugal,PT
801,Viana do Castelo,41.6962,-8.8441,Portugal,PT
802,Solothurn,47.212,7.537,Switzerland,CH
803,Peshkopi,41.6833,20.4333,Albania,AL
804,Schwyz,47.02,8.648,Switzerland,CH
805,Eisenstadt,47.8333,16.5333,Austria,AT
806,Liestal,47.483,7.737,Switzerland,CH
807,ErmoÃºpoli,37.4504,24.9333,Greece,GR
808,Haapsalu,58.9431,23.5414,Estonia,EE
809,Steinkjer,64.0171,11.5,Norway,NO
810,Anadyrâ€™,64.737,177.475,Russia,RU
811,Fort William,56.8165,-5.1121,United Kingdom,GB
812,Sarnen,46.899,8.243,Switzerland,CH
813,Altdorf,46.879,8.638,Switzerland,CH
814,Kirkwall,58.967,-2.95,United Kingdom,GB
815,Stans,46.95,8.3833,Switzerland,CH
816,SorÃ¸,55.433,11.5667,Denmark,DK
817,Lerwick,60.15,-1.15,United Kingdom,GB
818,Diekirch,49.8833,6.1667,Luxembourg,LU
819,Monaghan,54.25,-6.9667,Ireland,IE
820,Glarus,47.05,9.0667,Switzerland,CH
821,Appenzell,47.3333,9.4167,Switzerland,CH
822,VadsÃ¸,70.0966,29.7657,Norway,NO
823,Ros ComÃ¡in,53.6333,-8.1833,Ireland,IE
824,Grevenmacher,49.7,6.3333,Luxembourg,LU
825,Hackney,51.55,-0.05,United Kingdom,GB
826,Camden Town,51.5457,-0.1403,United Kingdom,GB
827,Islington,51.5333,-0.1,United Kingdom,GB
828,Kensington,51.5047,-0.1998,United Kingdom,GB
829,Hammersmith,51.5,-0.2333,United Kingdom,GB
830,East Ham,51.5333,0.05,United Kingdom,GB
831,Camberwell,51.4736,-0.0916,United Kingdom,GB
832,Walthamstow,51.6,-0.0333,United Kingdom,GB
833,City of Westminster,51.5,-0.1167,United Kingdom,GB
834,Lambeth,51.5,-0.1167,United Kingdom,GB
835,Catford,51.45,-0.0167,United Kingdom,GB
836,Hove,50.8333,-0.1833,United Kingdom,GB
837,Northampton,52.25,-0.8833,United Kingdom,GB
838,Sliema,35.9125,14.5019,Malta,MT
839,Ealing,51.4888,-0.3048,United Kingdom,GB
840,Poplar,51.5,-0.0167,United Kingdom,GB
841,Ilford,51.5597,0.0708,United Kingdom,GB
842,Wandsworth,51.45,-0.2,United Kingdom,GB
843,Fgura,35.8703,14.5133,Malta,MT
844,Birkirkara,35.8972,14.4611,Malta,MT
845,Wood Green,51.6,-0.1167,United Kingdom,GB
846,Ä¦amrun,35.8847,14.4844,Malta,MT
847,Enfield,51.6667,-0.0667,United Kingdom,GB
848,Darlington,54.5333,-1.5667,United Kingdom,GB
849,Senglea,35.8875,14.5169,Malta,MT
850,South Shields,54.9878,-1.4214,United Kingdom,GB
851,Rochester,51.3833,0.5167,United Kingdom,GB
852,Maidstone,51.2667,0.5167,United Kingdom,GB
853,Tarxien,35.8658,14.515,Malta,MT
854,Piran,45.5278,13.5706,Slovenia,SI
855,Morden,51.3982,-0.1984,United Kingdom,GB
856,Barnsley,53.55,-1.4833,United Kingdom,GB
857,Floriana,35.8958,14.5083,Malta,MT
858,Grays,51.4833,0.3333,United Kingdom,GB
859,Imsida,35.8925,14.4828,Malta,MT
860,Wembley,51.55,-0.2833,United Kingdom,GB
861,Weston-super-Mare,51.3458,-2.9678,United Kingdom,GB
862,Santa Venera,35.8908,14.4742,Malta,MT
863,Ashton-under-Lyne,53.5,-2.1,United Kingdom,GB
864,PietÃ ,35.8947,14.495,Malta,MT
865,Taâ€™ Xbiex,35.8992,14.4944,Malta,MT
866,Newport,50.7,-1.3,United Kingdom,GB
867,Croydon,51.3833,-0.1,United Kingdom,GB
868,Barri,51.4067,-3.2694,United Kingdom,GB
869,Stretford,53.45,-2.3167,United Kingdom,GB
870,Kingston upon Thames,51.4167,-0.2833,United Kingdom,GB
871,Hendon,51.6,-0.2167,United Kingdom,GB
872,Sutton,51.35,-0.2,United Kingdom,GB
873,Doncaster,53.5333,-1.1167,United Kingdom,GB
874,Romford,51.5833,0.2,United Kingdom,GB
875,GÅ¼ira,35.9058,14.4881,Malta,MT
876,South Bank,54.5667,-1.15,United Kingdom,GB
877,Worcester,52.2,-2.2,United Kingdom,GB
878,Stockport,53.4,-2.15,United Kingdom,GB
879,Paisley,55.8333,-4.4333,United Kingdom,GB
880,Uppsala,59.85,17.6333,Sweden,SE
881,Uxbridge,51.55,-0.4833,United Kingdom,GB
882,Shrewsbury,52.7167,-2.7333,United Kingdom,GB
883,Lincoln,53.2333,-0.5333,United Kingdom,GB
884,Wallasey,53.4333,-3.0667,United Kingdom,GB
885,Oldham,53.55,-2.1167,United Kingdom,GB
886,Twickenham,51.4333,-0.3167,United Kingdom,GB
887,Preston,53.7667,-2.7167,United Kingdom,GB
888,Harrow,51.5833,-0.3167,United Kingdom,GB
889,Rotherham,53.4333,-1.35,United Kingdom,GB
890,Dorchester,50.7167,-2.4333,United Kingdom,GB
891,San Ä wann,35.9056,14.4761,Malta,MT
892,Newport,51.5833,-2.9833,United Kingdom,GB
893,Port Talbot,51.6,-3.7833,United Kingdom,GB
894,Derby,52.9333,-1.5,United Kingdom,GB
895,Hounslow,51.4667,-0.35,United Kingdom,GB
896,Pont-y-pÅµl,51.7011,-3.0444,United Kingdom,GB
897,Forfar,56.65,-2.8833,United Kingdom,GB
898,San Ä iljan,35.9197,14.4844,Malta,MT
899,Widnes,53.35,-2.7333,United Kingdom,GB
900,Taunton,51.0211,-3.1047,United Kingdom,GB
901,Dunleary,53.2925,-6.1286,Ireland,IE
902,Dudley,52.5,-2.0833,United Kingdom,GB
903,Wigan,53.5333,-2.6167,United Kingdom,GB
904,Hereford,52.05,-2.7167,United Kingdom,GB
905,Glenrothes,56.2,-3.1833,United Kingdom,GB
906,Rochdale,53.6167,-2.15,United Kingdom,GB
907,Vittoriosa,35.8922,14.5183,Malta,MT
908,Aylesbury,51.8167,-0.8,United Kingdom,GB
909,Balzan,35.9003,14.455,Malta,MT
910,Wokingham,51.4167,-0.8333,United Kingdom,GB
911,Truro,50.2617,-5.0433,United Kingdom,GB
912,Simferopolâ€™,44.9572,34.1108,Ukraine,UA
913,Thornbury,51.6089,-2.5203,United Kingdom,GB
914,Bracknell,51.4167,-0.75,United Kingdom,GB
915,Trowbridge,51.3189,-2.2086,United Kingdom,GB
916,Morpeth,55.1667,-1.6833,United Kingdom,GB
917,Milton Keynes,52.0333,-0.7,United Kingdom,GB
918,Caerfyrddin,51.8592,-4.3117,United Kingdom,GB
919,Gloucester,51.8333,-2.25,United Kingdom,GB
920,Newbury,51.4,-1.3167,United Kingdom,GB
921,Qormi,35.8783,14.4719,Malta,MT
922,Dalkeith,55.8667,-3.0667,United Kingdom,GB
923,Bangor,54.6617,-5.6654,United Kingdom,GB
924,Scunthorpe,53.5833,-0.65,United Kingdom,GB
925,Chelmsford,51.7333,0.4833,United Kingdom,GB
926,Motherwell,55.7833,-4,United Kingdom,GB
927,Mosta,35.9092,14.4256,Malta,MT
928,Hartlepool,54.6861,-1.2125,United Kingdom,GB
929,Warrington,53.3833,-2.6,United Kingdom,GB
930,Merthyr Tudful,51.75,-3.3833,United Kingdom,GB
931,Salford,53.4833,-2.2667,United Kingdom,GB
932,Hertford,51.8,-0.0667,United Kingdom,GB
933,Koper,45.5469,13.7294,Slovenia,SI
934,Å»abbar,35.8761,14.535,Malta,MT
935,Caernarfon,53.15,-4.2667,United Kingdom,GB
936,Walsall,52.6,-2,United Kingdom,GB
937,Tallaght,53.2878,-6.3411,Ireland,IE
938,Swieqi,35.9225,14.48,Malta,MT
939,Ballymena,54.8612,-6.2763,United Kingdom,GB
940,Å kofja Loka,46.1672,14.3089,Slovenia,SI
941,Hwlffordd,51.8017,-4.9708,United Kingdom,GB
942,Wrecsam,53.05,-3,United Kingdom,GB
943,Magherafelt,54.7543,-6.6094,United Kingdom,GB
944,DomÅ¾ale,46.1381,14.5978,Slovenia,SI
945,Belfast,54.5968,-5.9254,United Kingdom,GB
946,Kraljevo,43.7259,20.6896,Serbia,RS
947,Lisburn,54.5099,-6.0404,United Kingdom,GB
948,Pen-y-Bont ar Ogwr,51.5058,-3.5772,United Kingdom,GB
949,Wicklow,52.975,-6.0494,Ireland,IE
950,Kalkara,35.8892,14.5328,Malta,MT
951,Cospicua,35.8856,14.5275,Malta,MT
952,Newry,54.178,-6.3381,United Kingdom,GB
953,Strabane,54.8224,-7.4684,United Kingdom,GB
954,Dagenham,51.55,0.1667,United Kingdom,GB
955,Ravne na KoroÅ¡kem,46.5431,14.9692,Slovenia,SI
956,Northallerton,54.3333,-1.4333,United Kingdom,GB
957,Clonmel,52.355,-7.7039,Ireland,IE
958,Leskovac,42.9976,21.9445,Serbia,RS
959,Wexford,52.3342,-6.4575,Ireland,IE
960,Bromley,51.4,0.05,United Kingdom,GB
961,Marsaskala,35.8669,14.5619,Malta,MT
962,Downpatrick,54.3269,-5.7113,United Kingdom,GB
963,UÅ¾ice,43.8582,19.8441,Serbia,RS
964,Dumbarton,55.95,-4.5667,United Kingdom,GB
965,Antrim,54.7129,-6.2085,United Kingdom,GB
966,Esch-sur-Alzette,49.4958,5.9806,Luxembourg,LU
967,Lija,35.9006,14.4464,Malta,MT
968,Victoria,36.0444,14.2397,Malta,MT
969,Wakefield,53.7,-1.4833,United Kingdom,GB
970,Izola,45.5369,13.6619,Slovenia,SI
971,Huddersfield,53.65,-1.7833,United Kingdom,GB
972,Å»ejtun,35.8558,14.5331,Malta,MT
973,Velenje,46.3592,15.1103,Slovenia,SI
974,Stafford,52.8,-2.1,United Kingdom,GB
975,Ennis,52.8436,-8.9864,Ireland,IE
976,Poole,50.7167,-2,United Kingdom,GB
977,Jagodina,43.9791,21.2583,Serbia,RS
978,Bexleyheath,51.45,0.15,United Kingdom,GB
979,Gateshead,54.945,-1.6175,United Kingdom,GB
980,Halifax,53.7167,-1.85,United Kingdom,GB
981,Naas,53.2158,-6.6669,Ireland,IE
982,Fontana,36.0375,14.2361,Malta,MT
983,Paola,35.8731,14.4989,Malta,MT
984,Banbridge,54.3509,-6.267,United Kingdom,GB
985,XgÄ§ajra,35.8856,14.5475,Malta,MT
986,ToruÅ„,53.0358,18.6048,Poland,PL
987,Newtownabbey,54.6691,-5.9044,United Kingdom,GB
988,Iklin,35.9092,14.4522,Malta,MT
989,Alloa,56.1167,-3.8,United Kingdom,GB
990,Slovenske Konjice,46.3367,15.4258,Slovenia,SI
991,Vranje,42.556,21.9002,Serbia,RS
992,Solothurn,47.2066,7.5166,Switzerland,CH
993,Chichester,50.8333,-0.7833,United Kingdom,GB
994,Stirling,56.1167,-3.95,United Kingdom,GB
995,MeÅ¾ica,46.5214,14.8544,Slovenia,SI
996,Usk,51.7025,-2.9042,United Kingdom,GB
997,Aarau,47.3896,8.0524,Switzerland,CH
998,Blackburn,53.75,-2.4833,United Kingdom,GB
999,Valjevo,44.272,19.8874,Serbia,RS
1000,Wallsend,54.9914,-1.5597,United Kingdom,GB
1001,Elgin,57.65,-3.3333,United Kingdom,GB
1002,Mold,53.1667,-3.1333,United Kingdom,GB
1003,Swords,53.4597,-6.2181,Ireland,IE
1004,Celje,46.2361,15.2675,Slovenia,SI
1005,Cookstown,54.6428,-6.7452,United Kingdom,GB
1006,Kirkop,35.8422,14.4853,Malta,MT
1007,Trim,53.555,-6.7917,Ireland,IE
1008,Hugh Town,49.9146,-6.3143,United Kingdom,GB
1009,Pembroke,35.9306,14.4764,Malta,MT
1010,GorzÃ³w Wielkopolski,52.7368,15.2288,Poland,PL
1011,Å abac,44.7538,19.6876,Serbia,RS
1012,Bolton,53.5833,-2.4333,United Kingdom,GB
1013,Kamnik,46.2197,14.6094,Slovenia,SI
1014,Radlje ob Dravi,46.6142,15.2264,Slovenia,SI
1015,Carrick on Shannon,53.9469,-8.09,Ireland,IE
1016,Attard,35.8897,14.4425,Malta,MT
1017,Solihull,52.4167,-1.7833,United Kingdom,GB
1018,Newtown Saint Boswells,55.5833,-2.6833,United Kingdom,GB
1019,Clydach Vale,51.6267,-3.4761,United Kingdom,GB
1020,Rapla,59.0072,24.7928,Estonia,EE
1021,Marsa,35.8792,14.4953,Malta,MT
1022,Armagh,54.3481,-6.6496,United Kingdom,GB
1023,Tullamore,53.2739,-7.4889,Ireland,IE
1024,Valmiera,57.5387,25.4257,Latvia,LV
1025,Kranj,46.2411,14.3617,Slovenia,SI
1026,Dungannon,54.5033,-6.7643,United Kingdom,GB
1027,Coleraine,55.1349,-6.6687,United Kingdom,GB
1028,Conwy,53.2833,-3.8333,United Kingdom,GB
1029,Grosuplje,45.9556,14.6589,Slovenia,SI
1030,Craigavon,54.4497,-6.3646,United Kingdom,GB
1031,GÄ§argÄ§ur,35.9242,14.4519,Malta,MT
1032,Rakvere,59.3464,26.3558,Estonia,EE
1033,Alytus,54.3964,24.0414,Lithuania,LT
1034,Å»ebbuÄ¡,35.8719,14.4411,Malta,MT
1035,Zagorje ob Savi,46.1342,15.0014,Slovenia,SI
1036,Carlow,52.8408,-6.9261,Ireland,IE
1037,Slovenj Gradec,46.5103,15.0806,Slovenia,SI
1038,Gudja,35.8492,14.5031,Malta,MT
1039,Dravograd,46.5881,15.0192,Slovenia,SI
1040,Escaldes-Engordany,42.5085,1.5385,Andorra,AD
1041,JÃµgeva,58.7467,26.3939,Estonia,EE
1042,Gornji Milanovac,44.0245,20.4586,Serbia,RS
1043,Å½alec,46.2536,15.1675,Slovenia,SI
1044,Rhuthun,53.1167,-3.3,United Kingdom,GB
1045,Litija,46.0586,14.8225,Slovenia,SI
1046,Bajina BaÅ¡ta,43.9709,19.5655,Serbia,RS
1047,Imqabba,35.8461,14.4672,Malta,MT
1048,Wolverhampton,52.5833,-2.1333,United Kingdom,GB
1049,Saint Paulâ€™s Bay,35.9483,14.4006,Malta,MT
1050,Mullingar,53.5333,-7.35,Ireland,IE
1051,KrÅ¡ko,45.9531,15.4894,Slovenia,SI
1052,Jesenice,46.4306,14.0669,Slovenia,SI
1053,Radovljica,46.3444,14.1744,Slovenia,SI
1054,Marsaxlokk,35.8419,14.5431,Malta,MT
1055,Prevalje,46.5469,14.9208,Slovenia,SI
1056,Kuressaare,58.2481,22.5039,Estonia,EE
1057,KozÃ¡ni,40.3007,21.789,Greece,GR
1058,GÄ§axaq,35.8489,14.5167,Malta,MT
1059,BirÅ¼ebbuÄ¡a,35.8258,14.5269,Malta,MT
1060,Å»urrieq,35.8311,14.4742,Malta,MT
1061,Naxxar,35.9136,14.4436,Malta,MT
1062,Trbovlje,46.155,15.0533,Slovenia,SI
1063,JÄ“kabpils,56.4833,25.85,Latvia,LV
1064,Longford,53.7333,-7.8,Ireland,IE
1065,Schaffhausen,47.6973,8.6349,Switzerland,CH
1066,IvanÄna Gorica,45.9383,14.8044,Slovenia,SI
1067,Bury,53.6,-2.3,United Kingdom,GB
1068,RogaÅ¡ka Slatina,46.2375,15.6397,Slovenia,SI
1069,Giffnock,55.8,-4.2833,United Kingdom,GB
1070,Serravalle,43.9683,12.4811,San Marino,SM
1071,VÃµru,57.8339,27.0194,Estonia,EE
1072,Castlebar,53.85,-9.3,Ireland,IE
1073,PÃµlva,58.0603,27.0694,Estonia,EE
1074,Nenagh,52.8619,-8.1967,Ireland,IE
1075,LaÅ¡ko,46.1519,15.2364,Slovenia,SI
1076,Bedford,52.1333,-0.45,United Kingdom,GB
1077,Bender,46.8316,29.4777,Moldova,MD
1078,Oakham,52.6667,-0.7333,United Kingdom,GB
1079,DunaÃºjvÃ¡ros,46.9661,18.9386,Hungary,HU
1080,Safi,35.8331,14.4847,Malta,MT
1081,PoÅ¾ega,43.8459,20.0368,Serbia,RS
1082,Oldbury,52.5,-2.0167,United Kingdom,GB
1083,Livingston,55.8833,-3.5333,United Kingdom,GB
1084,RuÅ¡e,46.5394,15.5158,Slovenia,SI
1085,Imtarfa,35.8933,14.3989,Malta,MT
1086,Warwick,52.2833,-1.5833,United Kingdom,GB
1087,KerÄ‹em,36.0419,14.2267,Malta,MT
1088,An CabhÃ¡n,53.9908,-7.3606,Ireland,IE
1089,Mariehamn,60.1,19.95,Finland,FI
1090,Nova Gorica,45.9614,13.6436,Slovenia,SI
1091,Å½irovnica,46.4047,14.14,Slovenia,SI
1092,Krupanj,44.3676,19.3633,Serbia,RS
1093,Lebane,42.9171,21.7294,Serbia,RS
1094,Å tore,46.2208,15.3139,Slovenia,SI
1095,Aleksinac,43.5417,21.7078,Serbia,RS
1096,Cerklje na Gorenjskem,46.2542,14.4886,Slovenia,SI
1097,Å oÅ¡tanj,46.38,15.0486,Slovenia,SI
1098,Luqa,35.8589,14.4886,Malta,MT
1099,VladiÄin Han,42.7082,22.0664,Serbia,RS
1100,KnjaÅ¾evac,43.5667,22.2539,Serbia,RS
1101,Murska Sobota,46.6625,16.1664,Slovenia,SI
1102,Ljubovija,44.1896,19.3785,Serbia,RS
1103,Slovenska Bistrica,46.3928,15.5744,Slovenia,SI
1104,Smederevska Palanka,44.3654,20.9623,Serbia,RS
1105,Qrendi,35.8347,14.4583,Malta,MT
1106,Gornja Radgona,46.6733,15.9922,Slovenia,SI
1107,Karlovy Vary,50.237,12.875,Czechia,CZ
1108,Mali Zvornik,44.3992,19.1214,Serbia,RS
1109,Novo Mesto,45.7925,15.1647,Slovenia,SI
1110,Paide,58.8856,25.5572,Estonia,EE
1111,Surdulica,42.6904,22.1704,Serbia,RS
1112,PoÅ¾arevac,44.6222,21.1826,Serbia,RS
1113,Durham,54.7667,-1.5667,United Kingdom,GB
1114,VaraÅ¾din,46.3044,16.3378,Croatia,HR
1115,Ptuj,46.4214,15.8697,Slovenia,SI
1116,Llandrindod Wells,52.2333,-3.3833,United Kingdom,GB
1117,Nitra,48.309,18.0873,Slovakia,SK
1118,ZajeÄar,43.9019,22.2755,Serbia,RS
1119,Llangefni,53.2667,-4.3333,United Kingdom,GB
1120,Å entjur,46.2172,15.3975,Slovenia,SI
1121,Stornoway,58.2167,-6.3667,United Kingdom,GB
1122,Port Laoise,53.0322,-7.3,Ireland,IE
1123,Enniskillen,54.3466,-7.6411,United Kingdom,GB
1124,Prebold,46.2369,15.0925,Slovenia,SI
1125,MiklavÅ¾ na Dravskem Polju,46.5058,15.6972,Slovenia,SI
1126,Å empeter pri Gorici,45.9275,13.6411,Slovenia,SI
1127,Mozirje,46.3394,14.9633,Slovenia,SI
1128,Å martno ob Paki,46.3333,15.0333,Slovenia,SI
1129,TrenÄÃ­n,48.8867,18.048,Slovakia,SK
1130,Trebnje,45.9042,15.0217,Slovenia,SI
1131,Bor,44.0819,22.0967,Serbia,RS
1132,Yambol,42.4833,26.5,Bulgaria,BG
1133,Loznica,44.5312,19.2427,Serbia,RS
1134,ParaÄ‡in,43.8592,21.4119,Serbia,RS
1135,TrÅ¾iÄ,46.3667,14.3167,Slovenia,SI
1136,JÅ«rmala,56.9567,23.7233,Latvia,LV
1137,Borgo Maggiore,43.9408,12.4475,San Marino,SM
1138,Polzela,46.2833,15.0667,Slovenia,SI
1139,KÃ¤rdla,58.9978,22.7492,Estonia,EE
1140,Xewkija,36.0328,14.2581,Malta,MT
1141,Ystrad Mynach,51.6403,-3.2433,United Kingdom,GB
1142,LuÄani,43.8608,20.1384,Serbia,RS
1143,Knowsley,53.45,-2.85,United Kingdom,GB
1144,Valga,57.7744,26.0453,Estonia,EE
1145,BreÅ¾ice,45.9033,15.5911,Slovenia,SI
1146,GÄ§asri,36.0578,14.2264,Malta,MT
1147,KoÄevje,45.6433,14.8633,Slovenia,SI
1148,Smederevo,44.6516,20.9258,Serbia,RS
1149,KruÅ¡evac,43.581,21.3352,Serbia,RS
1150,Hrastnik,46.1461,15.0814,Slovenia,SI
1151,Hunedoara,45.75,22.9,Romania,RO
1152,Dingli,35.8614,14.3822,Malta,MT
1153,Ankaran,45.5786,13.7361,Slovenia,SI
1154,Lendava,46.5614,16.4506,Slovenia,SI
1155,Spodnje HoÄe,46.5,15.65,Slovenia,SI
1156,Selnica ob Dravi,46.55,15.495,Slovenia,SI
1157,Despotovac,44.0932,21.444,Serbia,RS
1158,Mauren,47.2205,9.5426,Liechtenstein,LI
1159,Å martno pri Litiji,46.0444,14.8442,Slovenia,SI
1160,Magas,43.1667,44.8,Russia,RU
1161,XagÄ§ra,36.05,14.2644,Malta,MT
1162,Lenart v Slovenskih Goricah,46.5761,15.8314,Slovenia,SI
1163,MoravÄe,46.1369,14.745,Slovenia,SI
1164,Imdina,35.8869,14.4025,Malta,MT
1165,Sevastopolâ€™,44.5883,33.5224,Ukraine,UA
1166,Kladovo,44.6073,22.6155,Serbia,RS
1167,DelÃ©mont,47.3664,7.329,Switzerland,CH
1168,Kanal,46.0886,13.6397,Slovenia,SI
1169,Sankt PÃ¶lten,48.2,15.6333,Austria,AT
1170,Nadur,36.0378,14.2942,Malta,MT
1171,Nazarje,46.3176,14.9467,Slovenia,SI
1172,MengeÅ¡,46.1669,14.575,Slovenia,SI
1173,PanÄevo,44.8713,20.6443,Serbia,RS
1174,Brezovica,46.0333,14.4,Slovenia,SI
1175,ZreÄe,46.3833,15.3667,Slovenia,SI
1176,Preddvor,46.3025,14.4231,Slovenia,SI
1177,Vuzenica,46.5964,15.1672,Slovenia,SI
1178,Munxar,36.03,14.2333,Malta,MT
1179,Vrhnika,45.9661,14.2956,Slovenia,SI
1180,Pirot,43.1617,22.5871,Serbia,RS
1181,Domagnano,43.9492,12.4686,San Marino,SM
1182,Woolwich,51.4667,0.2,United Kingdom,GB
1183,Sevnica,46.0078,15.3156,Slovenia,SI
1184,PoljÄane,46.3119,15.5792,Slovenia,SI
1185,Vlasotince,42.9659,22.1272,Serbia,RS
1186,Å½iri,46.0422,14.1072,Slovenia,SI
1187,Å marje pri JelÅ¡ah,46.2272,15.5192,Slovenia,SI
1188,Komenda,46.2038,14.5407,Slovenia,SI
1189,Metlika,45.6472,15.3142,Slovenia,SI
1190,Sannat,36.0244,14.2428,Malta,MT
1191,Vojnik,46.2933,15.3033,Slovenia,SI
1192,Medvode,46.1333,14.4333,Slovenia,SI
1193,Å kofljica,45.9833,14.5767,Slovenia,SI
1194,Remich,49.545,6.3669,Luxembourg,LU
1195,Muta,46.6114,15.1661,Slovenia,SI
1196,Radenci,46.6472,16.0442,Slovenia,SI
1197,Eschen,47.2109,9.5216,Liechtenstein,LI
1198,Bled,46.3692,14.1136,Slovenia,SI
1199,Spodnji Duplek,46.5031,15.7453,Slovenia,SI
1200,Trstenik,43.6169,21.0025,Serbia,RS
1201,Schellenberg,47.2325,9.5463,Liechtenstein,LI
1202,Acquaviva,43.9453,12.4183,San Marino,SM
1203,SiÄ¡Ä¡iewi,35.8556,14.4364,Malta,MT
1204,Rabat,35.8822,14.3981,Malta,MT
1205,Hamilton,55.7667,-4.0333,United Kingdom,GB
1206,Borovnica,45.9158,14.3631,Slovenia,SI
1207,Ljutomer,46.5208,16.1975,Slovenia,SI
1208,Idrija,46.0028,14.0306,Slovenia,SI
1209,Log pri Brezovici,46.0167,14.3667,Slovenia,SI
1210,Naklo,46.2728,14.3172,Slovenia,SI
1211,Prokuplje,43.2383,21.5932,Serbia,RS
1212,BatoÄina,44.1547,21.0799,Serbia,RS
1213,MellieÄ§a,35.9564,14.3622,Malta,MT
1214,Sopron,47.6864,16.5906,Hungary,HU
1215,VrnjaÄka Banja,43.6223,20.8956,Serbia,RS
1216,Oplotnica,46.3878,15.4467,Slovenia,SI
1217,Fiorentino,43.9092,12.4581,San Marino,SM
1218,TÃ¸nsberg,59.2858,10.4181,Norway,NO
1219,OrmoÅ¾,46.4114,16.1544,Slovenia,SI
1220,Dimitrovgrad,43.0155,22.7776,Serbia,RS
1221,ÄŒakovec,46.3844,16.4339,Croatia,HR
1222,Å enÄur,46.2456,14.4197,Slovenia,SI
1223,Mirna,45.9553,15.0619,Slovenia,SI
1224,RaÄe,46.4519,15.6814,Slovenia,SI
1225,Lelystad,52.5176,5.474,Netherlands,NL
1226,ÄŒrnomelj,45.5711,15.1889,Slovenia,SI
1227,Vitanje,46.3817,15.2958,Slovenia,SI
1228,Sremski Karlovci,45.2021,19.9325,Serbia,RS
1229,Doljevac,43.1968,21.8334,Serbia,RS
1230,GÄ§ajnsielem,36.0264,14.285,Malta,MT
1231,Lifford,54.8319,-7.4836,Ireland,IE
1232,Lewes,50.8667,-0.0167,United Kingdom,GB
1233,Koprivnica,46.1628,16.8275,Croatia,HR
1234,Maidenhead,51.5167,-0.7,United Kingdom,GB
1235,KanjiÅ¾a,46.0635,20.0504,Serbia,RS
1236,Å entjernej,45.84,15.3361,Slovenia,SI
1237,Chicksands,52.0333,-0.3667,United Kingdom,GB
1238,Velika Plana,44.3323,21.0751,Serbia,RS
1239,Qala,36.0361,14.3094,Malta,MT
1240,Montegiardino,43.9092,12.4833,San Marino,SM
1241,Ebbw Vale,51.7833,-3.2,United Kingdom,GB
1242,Nagykanizsa,46.4561,16.9883,Hungary,HU
1243,Svilajnac,44.2383,21.197,Serbia,RS
1244,Vukovar,45.3433,18.9997,Croatia,HR
1245,Santa LuÄ‹ija,36.0431,14.2172,Malta,MT
1246,Slough,51.5,-0.5833,United Kingdom,GB
1247,MajÅ¡perk,46.3517,15.7336,Slovenia,SI
1248,Southport,53.6667,-3,United Kingdom,GB
1249,Svrljig,43.4129,22.1252,Serbia,RS
1250,Horjul,46.0236,14.2992,Slovenia,SI
1251,Postojna,45.7769,14.2167,Slovenia,SI
1252,LuÄe,46.3561,14.7467,Slovenia,SI
1253,Spodnja Hajdina,46.4089,15.8469,Slovenia,SI
1254,Å id,45.1276,19.2267,Serbia,RS
1255,Negotin,44.2264,22.5308,Serbia,RS
1256,Grimsby,53.5333,-0.05,United Kingdom,GB
1257,Telford,52.6333,-2.5,United Kingdom,GB
1258,Zgornje Gorje,46.3833,14.0833,Slovenia,SI
1259,Pivka,45.6794,14.1967,Slovenia,SI
1260,BraslovÄe,46.2897,15.0389,Slovenia,SI
1261,Tivat,42.4364,18.6961,Montenegro,ME
1262,Lovrenc na Pohorju,46.5406,15.3931,Slovenia,SI
1263,Ruggell,47.2408,9.5247,Liechtenstein,LI
1264,Pesnica pri Mariboru,46.6069,15.6767,Slovenia,SI
1265,Cerknica,45.7931,14.3625,Slovenia,SI
1266,Gamprin,47.2197,9.5113,Liechtenstein,LI
1267,Bojnik,43.0142,21.718,Serbia,RS
1268,Capellen,49.645,5.9908,Luxembourg,LU
1269,Vodice,46.2,14.5,Slovenia,SI
1270,Dobrna,46.3375,15.2264,Slovenia,SI
1271,Wiltz,49.9689,5.9319,Luxembourg,LU
1272,Å entilj,46.6817,15.6481,Slovenia,SI
1273,Vransko,46.2439,14.9514,Slovenia,SI
1274,VrÅ¡ac,45.1175,21.2983,Serbia,RS
1275,Å entrupert,45.9778,15.0956,Slovenia,SI
1276,Odranci,46.5867,16.2803,Slovenia,SI
1277,Logatec,45.9144,14.2258,Slovenia,SI
1278,Å»ebbuÄ¡,36.0722,14.2358,Malta,MT
1279,Bohinjska Bistrica,46.2769,13.955,Slovenia,SI
1280,Schaan,47.1661,9.5096,Liechtenstein,LI
1281,Encamp,42.5361,1.5828,Andorra,AD
1282,AjdovÅ¡Äina,45.8875,13.9111,Slovenia,SI
1283,Trzin,46.1333,14.5667,Slovenia,SI
1284,GoriÅ¡nica,46.4147,16.0139,Slovenia,SI
1285,ImÄ¡arr,35.9206,14.3664,Malta,MT
1286,VolÄja Draga,45.9069,13.6775,Slovenia,SI
1287,Salaspils,56.861,24.3498,Latvia,LV
1288,Kikinda,45.8323,20.4682,Serbia,RS
1289,Dornava,46.4367,15.9536,Slovenia,SI
1290,Beltinci,46.6053,16.2406,Slovenia,SI
1291,Topola,44.2544,20.6824,Serbia,RS
1292,Sokobanja,43.6453,21.8692,Serbia,RS
1293,Balzers,47.0667,9.5025,Liechtenstein,LI
1294,Swindon,51.5167,-1.7833,United Kingdom,GB
1295,Bela Crkva,44.9015,21.4234,Serbia,RS
1296,Å½elezniki,46.2333,14.1667,Slovenia,SI
1297,Echternach,49.8056,6.4222,Luxembourg,LU
1298,Dol pri Ljubljani,46.0886,14.6008,Slovenia,SI
1299,Ig,45.9603,14.5289,Slovenia,SI
1300,Falkirk,56,-3.7667,United Kingdom,GB
1301,SeÅ¾ana,45.7069,13.8722,Slovenia,SI
1302,Visaginas,55.5968,26.4398,Lithuania,LT
1303,BrÄko,44.87,18.8101,Bosnia And Herzegovina,BA
1304,Gorenja Vas,46.1072,14.1481,Slovenia,SI
1305,Bjelovar,45.8986,16.8489,Croatia,HR
1306,GÄ§arb,36.06,14.2089,Malta,MT
1307,Cerkno,46.1256,13.9817,Slovenia,SI
1308,Sandbach,53.1333,-2.3667,United Kingdom,GB
1309,Stari Trg pri LoÅ¾u,45.7128,14.4694,Slovenia,SI
1310,Chiesanuova,43.9061,12.4214,San Marino,SM
1311,Sveti Jurij ob Å Äavnici,46.5695,16.0235,Slovenia,SI
1312,ReÄica ob Savinji,46.3167,14.9167,Slovenia,SI
1313,Videm,45.85,14.6942,Slovenia,SI
1314,Ljubno,46.3456,14.835,Slovenia,SI
1315,Ulbroka,56.9363,24.3039,Latvia,LV
1316,StraÅ¾a,45.78,15.0728,Slovenia,SI
1317,Senta,45.9273,20.0789,Serbia,RS
1318,TiÅ¡ina,46.6581,16.0917,Slovenia,SI
1319,Å marjeÅ¡ke Toplice,45.862,15.2231,Slovenia,SI
1320,KidriÄevo,46.4036,15.7911,Slovenia,SI
1321,SemiÄ,45.6461,15.1822,Slovenia,SI
1322,PoÅ¾ega,45.3403,17.6853,Croatia,HR
1323,StarÅ¡e,46.4658,15.7672,Slovenia,SI
1324,BaÄka Palanka,45.2519,19.3916,Serbia,RS
1325,Dobrovo,45.9964,13.5264,Slovenia,SI
1326,TurniÅ¡Äe,46.6278,16.3203,Slovenia,SI
1327,Blace,43.297,21.2727,Serbia,RS
1328,La Massana,42.5434,1.5148,Andorra,AD
1329,Tabor,46.2361,15.0183,Slovenia,SI
1330,KriÅ¾evci pri Ljutomeru,46.5683,16.1386,Slovenia,SI
1331,Winchester,51.0167,-1.3167,United Kingdom,GB
1332,Vianden,49.935,6.2089,Luxembourg,LU
1333,Ada,45.8027,20.1285,Serbia,RS
1334,Sveta Trojica v Slovenskih Goricah,46.5767,15.8769,Slovenia,SI
1335,Sveta Ana v Slovenskih Goricah,46.6492,15.8442,Slovenia,SI
1336,Tolmin,46.1864,13.7361,Slovenia,SI
1337,Pazardzhik,42.2,24.3333,Bulgaria,BG
1338,Triesen,47.1101,9.524,Liechtenstein,LI
1339,Benedikt v Slovenskih Goricah,46.6086,15.8883,Slovenia,SI
1340,Sant JuliÃ  de LÃ²ria,42.4664,1.4933,Andorra,AD
1341,Palanga,55.9203,21.071,Lithuania,LT
1342,Faetano,43.9261,12.4981,San Marino,SM
1343,Mirna PeÄ,45.8603,15.0833,Slovenia,SI
1344,Apatin,45.6709,18.9843,Serbia,RS
1345,MÄrupe,56.9032,24.0467,Latvia,LV
1346,Novi Pazar,43.1375,20.5149,Serbia,RS
1347,San Lawrenz,36.0556,14.2036,Malta,MT
1348,RadeÄe,46.0681,15.1839,Slovenia,SI
1349,Matlock,53.1333,-1.5333,United Kingdom,GB
1350,Mersch,49.7489,6.1061,Luxembourg,LU
1351,Budva,42.2864,18.84,Montenegro,ME
1352,Sombor,45.7742,19.1151,Serbia,RS
1353,OdÅ¾aci,45.5076,19.2606,Serbia,RS
1354,Destrnik,46.5006,15.875,Slovenia,SI
1355,Tuzi,42.3656,19.3314,Montenegro,ME
1356,Sarpsborg,59.2833,11.1167,Norway,NO
1357,VerÅ¾ej,46.5836,16.1653,Slovenia,SI
1358,Zgornja Kungota,46.6392,15.6156,Slovenia,SI
1359,Ä†uprija,43.9284,21.3745,Serbia,RS
1360,ÄŒrenÅ¡ovci,46.5744,16.2906,Slovenia,SI
1361,Kobarid,46.2481,13.5772,Slovenia,SI
1362,Markovci,46.3833,15.95,Slovenia,SI
1363,Arilje,43.755,20.097,Serbia,RS
1364,Kovin,44.7482,20.9766,Serbia,RS
1365,Boljevac,43.8321,21.9609,Serbia,RS
1366,Vipava,45.8467,13.9631,Slovenia,SI
1367,Ilirska Bistrica,45.5697,14.2408,Slovenia,SI
1368,Saulkrasti,57.2599,24.4189,Latvia,LV
1369,Å½uÅ¾emberk,45.8339,14.9292,Slovenia,SI
1370,Ialoveni,46.9435,28.7823,Moldova,MD
1371,KosjeriÄ‡,43.9987,19.9079,Serbia,RS
1372,Dobrova,46.055,14.4172,Slovenia,SI
1373,Permâ€™,58.0174,56.2855,Russia,RU
1374,Velike LaÅ¡Äe,45.8322,14.6364,Slovenia,SI
1375,Puconci,46.7067,16.1564,Slovenia,SI
1376,Å kocjan,45.9067,15.2914,Slovenia,SI
1377,Kardzhali,41.65,25.3667,Bulgaria,BG
1378,BaÄka Topola,45.8152,19.6369,Serbia,RS
1379,Dolenjske Toplice,45.7667,15.0667,Slovenia,SI
1380,Drochia,48.0355,27.8129,Moldova,MD
1381,Ä†iÄ‡evac,43.72,21.4436,Serbia,RS
1382,Mokronog,45.9342,15.1408,Slovenia,SI
1383,Herceg-Novi,42.4531,18.5375,Montenegro,ME
1384,PlandiÅ¡te,45.2292,21.1238,Serbia,RS
1385,RogaÅ¡ovci,46.8,16.0333,Slovenia,SI
1386,Virovitica,45.8319,17.3839,Croatia,HR
1387,Kozina,45.61,13.9356,Slovenia,SI
1388,Cankova,46.7208,16.0225,Slovenia,SI
1389,Velika Polana,46.5719,16.3469,Slovenia,SI
1390,SrediÅ¡Äe ob Dravi,46.3942,16.2681,Slovenia,SI
1391,StraÅŸeni,47.1422,28.6077,Moldova,MD
1392,JÃµhvi,59.3592,27.4211,Estonia,EE
1393,BogatiÄ‡,44.8376,19.4807,Serbia,RS
1394,Varvarin,43.7195,21.3712,Serbia,RS
1395,Vidin,43.99,22.8725,Bulgaria,BG
1396,Saint Helens,53.45,-2.7333,United Kingdom,GB
1397,RaÅ¾anj,43.6744,21.5492,Serbia,RS
1398,CÄ“sis,57.3091,25.2761,Latvia,LV
1399,Anenii Noi,46.8784,29.2348,Moldova,MD
1400,Blagoevgrad,42.0167,23.1,Bulgaria,BG
1401,Mionica,44.2524,20.0817,Serbia,RS
1402,Soroca,48.1566,28.2849,Moldova,MD
1403,Sisak,45.4661,16.3783,Croatia,HR
1404,AranÄ‘elovac,44.3077,20.5612,Serbia,RS
1405,Kula,45.6109,19.5274,Serbia,RS
1406,Gabrovo,42.8747,25.3342,Bulgaria,BG
1407,Nova Vas,45.7717,14.5058,Slovenia,SI
1408,ApaÄe,46.6972,15.9106,Slovenia,SI
1409,Cerkvenjak,46.5706,15.9436,Slovenia,SI
1410,Lukovica pri DomÅ¾alah,46.1667,14.7,Slovenia,SI
1411,Krapina,46.1608,15.8789,Croatia,HR
1412,Novi BeÄej,45.6015,20.1364,Serbia,RS
1413,BeÄej,45.6196,20.04,Serbia,RS
1414,JurÅ¡inci,46.4847,15.9714,Slovenia,SI
1415,Aizkraukle,56.6029,25.2636,Latvia,LV
1416,HÃ®nceÅŸti,46.8305,28.5906,Moldova,MD
1417,Orhei,47.3849,28.8245,Moldova,MD
1418,Gornji Grad,46.2953,14.8083,Slovenia,SI
1419,Å½itoraÄ‘a,43.1902,21.7134,Serbia,RS
1420,Videm pri Ptuju,46.3686,15.9064,Slovenia,SI
1421,Titel,45.206,20.2949,Serbia,RS
1422,Cirkulane,46.3453,15.9952,Slovenia,SI
1423,Ungheni,47.2108,27.8005,Moldova,MD
1424,Bar,42.0931,19.1003,Montenegro,ME
1425,Ribnica,45.7386,14.7275,Slovenia,SI
1426,Miren,45.8956,13.6075,Slovenia,SI
1427,Planken,47.1844,9.5436,Liechtenstein,LI
1428,Cocieri,47.3087,29.1101,Moldova,MD
1429,MeroÅ¡ina,43.2813,21.7218,Serbia,RS
1430,Triesenberg,47.1182,9.5444,Liechtenstein,LI
1431,CÄƒlÄƒraÅŸi,47.2556,28.3099,Moldova,MD
1432,FloreÅŸti,47.8914,28.2931,Moldova,MD
1433,Podlehnik,46.3353,15.88,Slovenia,SI
1434,Bovec,46.3375,13.5528,Slovenia,SI
1435,Kotor,42.4258,18.7719,Montenegro,ME
1436,Stara Pazova,44.9861,20.1597,Serbia,RS
1437,Carnikava,57.1293,24.2842,Latvia,LV
1438,Clervaux,50.0547,6.0314,Luxembourg,LU
1439,Redange-sur-Attert,49.7656,5.8908,Luxembourg,LU
1440,HÃ³dmezÅ‘vÃ¡sÃ¡rhely,46.4172,20.3292,Hungary,HU
1441,SÃ®ngerei,47.6363,28.143,Moldova,MD
1442,ZavrÄ,46.3917,16.0497,Slovenia,SI
1443,Ribnica na Pohorju,46.535,15.2728,Slovenia,SI
1444,Criuleni,47.2131,29.1593,Moldova,MD
1445,Briceni,48.3629,27.0779,Moldova,MD
1446,Ä¶ekava,56.8296,24.2318,Latvia,LV
1447,TomaÅ¾ pri OrmoÅ¾u,46.4842,16.0836,Slovenia,SI
1448,EdineÅ£,48.1721,27.3034,Moldova,MD
1449,BeoÄin,45.1916,19.725,Serbia,RS
1450,Ordino,42.5563,1.5327,Andorra,AD
1451,Targovishte,43.2592,26.5892,Bulgaria,BG
1452,Bosilegrad,42.5005,22.4728,Serbia,RS
1453,KniÄ‡,43.927,20.7197,Serbia,RS
1454,Kostanjevica na Krki,45.8461,15.4222,Slovenia,SI
1455,Canillo,42.567,1.5981,Andorra,AD
1456,Vitomarci,46.5275,15.9394,Slovenia,SI
1457,Komen,45.8153,13.7483,Slovenia,SI
1458,SeÄanj,45.3676,20.7732,Serbia,RS
1459,BaÄki Petrovac,45.3616,19.592,Serbia,RS
1460,TeleneÅŸti,47.5011,28.3654,Moldova,MD
1461,CimiÅŸlia,46.5268,28.7644,Moldova,MD
1462,MarijampolÄ—,54.5599,23.3541,Lithuania,LT
1463,FÄƒleÅŸti,47.5767,27.7126,Moldova,MD
1464,Stockton-on-Tees,54.5833,-1.4167,United Kingdom,GB
1465,Kuzma,46.8369,16.0833,Slovenia,SI
1466,DivaÄa,45.6847,13.9703,Slovenia,SI
1467,InÄukalns,57.0987,24.6863,Latvia,LV
1468,OcniÅ£a,48.3827,27.4381,Moldova,MD
1469,Kozje,46.075,15.5603,Slovenia,SI
1470,Jurovski Dol,46.6064,15.7847,Slovenia,SI
1471,Glodeni,47.7751,27.5189,Moldova,MD
1472,KovaÄica,45.1109,20.6236,Serbia,RS
1473,ÄŒoka,45.9415,20.146,Serbia,RS
1474,IkÅ¡Ä·ile,56.834,24.4968,Latvia,LV
1475,Dobje pri Planini,46.1367,15.4089,Slovenia,SI
1476,ÅžoldÄƒneÅŸti,47.8161,28.7972,Moldova,MD
1477,Gornji Petrovci,46.8053,16.2225,Slovenia,SI
1478,Moravske-Toplice,46.6875,16.2256,Slovenia,SI
1479,Podvelka,46.5869,15.3306,Slovenia,SI
1480,Olaine,56.7947,23.9358,Latvia,LV
1481,Nisporeni,47.0816,28.1714,Moldova,MD
1482,Makole,46.3172,15.6672,Slovenia,SI
1483,Basarabeasca,46.3317,28.9636,Moldova,MD
1484,Ä€daÅ¾i,57.0705,24.3371,Latvia,LV
1485,Leova,46.4823,28.253,Moldova,MD
1486,Comrat,46.2946,28.6565,Moldova,MD
1487,Å½abalj,45.3741,20.0707,Serbia,RS
1488,Ozolnieki,56.6899,23.7761,Latvia,LV
1489,Aberaeron,52.25,-4.25,United Kingdom,GB
1490,MedveÄ‘a,42.842,21.5858,Serbia,RS
1491,CÄƒuÅŸeni,46.6367,29.4111,Moldova,MD
1492,Ulcinj,41.9283,19.2064,Montenegro,ME
1493,Vrbas,45.5704,19.6479,Serbia,RS
1494,Å½itiÅ¡te,45.4854,20.5507,Serbia,RS
1495,Taraclia,45.9027,28.6682,Moldova,MD
1496,RazkriÅ¾je,46.5217,16.2811,Slovenia,SI
1497,RoÅ¾aje,42.8439,20.1683,Montenegro,ME
1498,ÄŒajetina,43.7497,19.715,Serbia,RS
1499,Rezina,47.7493,28.9658,Moldova,MD
1500,Rogatec,46.2294,15.7003,Slovenia,SI
1501,Sremska Mitrovica,44.9764,19.6122,Serbia,RS
1502,Åžtefan VodÄƒ,46.5129,29.6619,Moldova,MD
1503,Ivanjica,43.582,20.2284,Serbia,RS
1504,ÄŒrna na KoroÅ¡kem,46.4667,14.85,Slovenia,SI
1505,InÄ‘ija,45.0482,20.0816,Serbia,RS
1506,RÃ®ÅŸcani,47.9479,27.5638,Moldova,MD
1507,Å½abari,44.3562,21.2143,Serbia,RS
1508,Cantemir,46.2774,28.2027,Moldova,MD
1509,Osilnica,45.5292,14.6979,Slovenia,SI
1510,Petrovac na Mlavi,44.3773,21.4198,Serbia,RS
1511,Pazin,45.2403,13.9367,Croatia,HR
1512,ElektrÄ—nai,54.7863,24.6626,Lithuania,LT
1513,Mali IÄ‘oÅ¡,45.7092,19.6663,Serbia,RS
1514,Ub,44.4572,20.0762,Serbia,RS
1515,RaÄa,44.2268,20.979,Serbia,RS
1516,Srbobran,45.5481,19.7954,Serbia,RS
1517,Ljig,44.2266,20.2394,Serbia,RS
1518,Rekovac,43.8609,21.0958,Serbia,RS
1519,Garkalne,57.0449,24.4195,Latvia,LV
1520,Novi KneÅ¾evac,46.041,20.0958,Serbia,RS
1521,LielvÄrde,56.7213,24.8062,Latvia,LV
1522,Sigulda,57.1538,24.8595,Latvia,LV
1523,Lajkovac,44.37,20.1644,Serbia,RS
1524,Priboj,43.5836,19.5258,Serbia,RS
1525,Bijelo Polje,43.0292,19.7456,Montenegro,ME
1526,Grad,46.8,16.1,Slovenia,SI
1527,Aleksandrovac,43.4609,21.0539,Serbia,RS
1528,Berane,42.8425,19.8733,Montenegro,ME
1529,Petnjica,42.9089,19.9644,Montenegro,ME
1530,SodraÅ¾ica,45.7611,14.6356,Slovenia,SI
1531,Jonava,55.0801,24.2754,Lithuania,LT
1532,Dobrovnik,46.6514,16.3525,Slovenia,SI
1533,Malo CrniÄ‡e,44.5603,21.2906,Serbia,RS
1534,PiÅ†Ä·i,56.9419,23.9137,Latvia,LV
1535,KurÅ¡umlija,43.139,21.2735,Serbia,RS
1536,RaÅ¡ka,43.2859,20.6135,Serbia,RS
1537,Mislinja,46.4411,15.1956,Slovenia,SI
1538,Golubac,44.6529,21.6308,Serbia,RS
1539,Trnovska Vas,46.5167,15.9,Slovenia,SI
1540,PeÄ‡inci,44.9089,19.9664,Serbia,RS
1541,Nova Crnja,45.6685,20.6042,Serbia,RS
1542,Druskininkai,54.0157,23.987,Lithuania,LT
1543,MaÅ¾eikiai,56.3122,22.3265,Lithuania,LT
1544,SeinÃ¤joki,62.8,22.8333,Finland,FI
1545,BaÄ,45.3923,19.2367,Serbia,RS
1546,Smolyan,41.5853,24.6919,Bulgaria,BG
1547,PodÄetrtek,46.1569,15.5986,Slovenia,SI
1548,DonduÅŸeni,48.2394,27.6056,Moldova,MD
1549,Irig,45.1001,19.8603,Serbia,RS
1550,Kretinga,55.8888,21.2445,Lithuania,LT
1551,Majdanpek,44.4228,21.9358,Serbia,RS
1552,Danilovgrad,42.5472,19.1053,Montenegro,ME
1553,Ogre,56.8113,24.6113,Latvia,LV
1554,Ruma,45.0079,19.8171,Serbia,RS
1555,SkrÄ«veri,56.6485,25.1195,Latvia,LV
1556,Trakai,54.6399,24.936,Lithuania,LT
1557,Hrib-LoÅ¡ki Potok,45.7011,14.5911,Slovenia,SI
1558,BirÅ¡tonas,54.6048,24.0311,Lithuania,LT
1559,NikÅ¡iÄ‡,42.775,18.9583,Montenegro,ME
1560,Beverley,53.8333,-0.4167,United Kingdom,GB
1561,Irvine,55.6,-4.6667,United Kingdom,GB
1562,Bauska,56.4079,24.1944,Latvia,LV
1563,Utena,55.4976,25.5992,Lithuania,LT
1564,TauragÄ—,55.2522,22.2897,Lithuania,LT
1565,PlungÄ—,55.9077,21.8456,Lithuania,LT
1566,Silistra,44.1167,27.2667,Bulgaria,BG
1567,Alibunar,45.0789,20.9682,Serbia,RS
1568,Å ilutÄ—,55.3453,21.4733,Lithuania,LT
1569,Kobilje,46.6847,16.3978,Slovenia,SI
1570,Vladimirci,44.6158,19.7843,Serbia,RS
1571,Baldone,56.7445,24.4008,Latvia,LV
1572,PreiÄ¼i,56.294,26.7248,Latvia,LV
1573,VilkaviÅ¡kis,54.648,23.0305,Lithuania,LT
1574,Kranjska Gora,46.4839,13.7894,Slovenia,SI
1575,Iecava,56.5977,24.2076,Latvia,LV
1576,Kilmarnock,55.6333,-4.5333,United Kingdom,GB
1577,PriekuÄ¼i,57.3115,25.3571,Latvia,LV
1578,Plav,42.5969,19.9456,Montenegro,ME
1579,Gusinje,42.5619,19.8339,Montenegro,ME
1580,TelÅ¡iai,55.9831,22.2343,Lithuania,LT
1581,KÄ—dainiai,55.2878,23.9727,Lithuania,LT
1582,Å½etale,46.275,15.7939,Slovenia,SI
1583,Tutin,42.99,20.3334,Serbia,RS
1584,BabuÅ¡nica,43.068,22.4115,Serbia,RS
1585,KaiÅ¡iadorys,54.8653,24.4682,Lithuania,LT
1586,Brus,43.3846,21.0289,Serbia,RS
1587,Tukums,56.9676,23.1555,Latvia,LV
1588,Dobele,56.6237,23.2751,Latvia,LV
1589,Nida,55.3086,20.9965,Lithuania,LT
1590,Prienai,54.636,23.9458,Lithuania,LT
1591,UkmergÄ—,55.2494,24.7636,Lithuania,LT
1592,AkmenÄ—,56.25,22.75,Lithuania,LT
1593,Kalvarija,54.4172,23.2283,Lithuania,LT
1594,Å alovci,46.825,16.2981,Slovenia,SI
1595,OseÄina,44.3728,19.601,Serbia,RS
1596,RadviliÅ¡kis,55.8111,23.5411,Lithuania,LT
1597,Veliko GradiÅ¡te,44.7638,21.5163,Serbia,RS
1598,ViÄ¼Äni,56.5505,26.9298,Latvia,LV
1599,KuÄevo,44.4767,21.6712,Serbia,RS
1600,LÄ«gatne,57.2379,25.0436,Latvia,LV
1601,Koceljeva,44.4687,19.8214,Serbia,RS
1602,Temerin,45.4095,19.8911,Serbia,RS
1603,KazlÅ³ RÅ«da,54.7497,23.495,Lithuania,LT
1604,Raseiniai,55.3797,23.1239,Lithuania,LT
1605,Mojkovac,42.9639,19.5825,Montenegro,ME
1606,GadÅ¾in Han,43.2223,22.0333,Serbia,RS
1607,Roja,57.5015,22.8088,Latvia,LV
1608,LÄ«vÄni,56.3567,26.1761,Latvia,LV
1609,Lapovo,44.1877,21.0969,Serbia,RS
1610,Opovo,45.0522,20.4313,Serbia,RS
1611,RopaÅ¾i,56.9747,24.6329,Latvia,LV
1612,Å ilalÄ—,55.4898,22.1869,Lithuania,LT
1613,Å akiai,54.9534,23.0478,Lithuania,LT
1614,Å alÄininkai,54.3086,25.3868,Lithuania,LT
1615,Pljevlja,43.3522,19.3542,Montenegro,ME
1616,GrobiÅ†a,56.5358,21.1747,Latvia,LV
1617,SmÄrde,56.9533,23.3387,Latvia,LV
1618,JoniÅ¡kis,56.2394,23.6154,Lithuania,LT
1619,Pasvalys,56.0625,24.3997,Lithuania,LT
1620,Kajaani,64.2333,27.6833,Finland,FI
1621,Skuodas,56.2706,21.5321,Lithuania,LT
1622,Talsi,57.2465,22.5876,Latvia,LV
1623,Å irvintos,55.044,24.9545,Lithuania,LT
1624,Bistrica ob Sotli,46.0589,15.6642,Slovenia,SI
1625,KrÄslava,55.8969,27.172,Latvia,LV
1626,PilsrundÄle,56.4181,24.0162,Latvia,LV
1627,MÄ“rsrags,57.3364,23.1235,Latvia,LV
1628,RokiÅ¡kis,55.9587,25.5947,Lithuania,LT
1629,Jurbarkas,55.0756,22.7642,Lithuania,LT
1630,TÄ“rvete,56.4798,23.3902,Latvia,LV
1631,KelmÄ—,55.6301,22.9349,Lithuania,LT
1632,MÄlpils,57.0101,24.9578,Latvia,LV
1633,KupiÅ¡kis,55.8401,24.9803,Lithuania,LT
1634,BirÅ¾ai,56.1986,24.7521,Lithuania,LT
1635,SolÄava,46.4194,14.6936,Slovenia,SI
1636,PagÄ—giai,55.1379,21.9138,Lithuania,LT
1637,RÅ«jiena,57.8961,25.3342,Latvia,LV
1638,Cetinje,42.3922,18.9225,Montenegro,ME
1639,Koknese,56.6516,25.4364,Latvia,LV
1640,Saldus,56.6666,22.4935,Latvia,LV
1641,PÄ¼aviÅ†as,56.6177,25.7194,Latvia,LV
1642,Ragana,57.1821,24.7056,Latvia,LV
1643,Auce,56.4611,22.9028,Latvia,LV
1644,LimbaÅ¾i,57.513,24.724,Latvia,LV
1645,Pakruojis,55.9789,23.8551,Lithuania,LT
1646,Ludza,56.5396,27.7189,Latvia,LV
1647,Cesvaine,56.9675,26.3076,Latvia,LV
1648,Aizpute,56.7211,21.6016,Latvia,LV
1649,Lazdijai,54.2333,23.5147,Lithuania,LT
1650,HodoÅ¡,46.8233,16.3342,Slovenia,SI
1651,KuldÄ«ga,56.969,21.968,Latvia,LV
1652,Å venÄionys,55.133,26.1595,Lithuania,LT
1653,Kandava,57.0389,22.7724,Latvia,LV
1654,Andrijevica,42.7339,19.7919,Montenegro,ME
1655,Smiltene,57.4242,25.9017,Latvia,LV
1656,AnykÅ¡Äiai,55.5246,25.1066,Lithuania,LT
1657,Zarasai,55.7322,26.2512,Lithuania,LT
1658,MolÄ—tai,55.2247,25.4169,Lithuania,LT
1659,Balvi,57.1287,27.27,Latvia,LV
1660,SalacgrÄ«va,57.7531,24.359,Latvia,LV
1661,Rietavas,55.7271,21.9234,Lithuania,LT
1662,IlÅ«kste,55.9779,26.2978,Latvia,LV
1663,Sala,56.5047,25.7618,Latvia,LV
1664,BrocÄ“ni,56.6789,22.5694,Latvia,LV
1665,VarakÄ¼Äni,56.6091,26.7547,Latvia,LV
1666,Å½agubica,44.1979,21.7902,Serbia,RS
1667,KocÄ“ni,57.5198,25.3404,Latvia,LV
1668,TrgoviÅ¡te,42.3514,22.0921,Serbia,RS
1669,Jaunpils,56.7314,23.0125,Latvia,LV
1670,Gulbene,57.1734,26.7527,Latvia,LV
1671,Ä¶egums,56.7455,24.725,Latvia,LV
1672,Madona,56.851,26.2184,Latvia,LV
1673,GospiÄ‡,44.5461,15.3747,Croatia,HR
1674,Rauna,57.3337,25.6085,Latvia,LV
1675,Ignalina,55.3406,26.1605,Lithuania,LT
1676,Priekule,56.4458,21.5939,Latvia,LV
1677,Burtnieki,57.6949,25.275,Latvia,LV
1678,Haddington,55.9333,-2.7667,United Kingdom,GB
1679,Kostel,45.5084,14.9101,Slovenia,SI
1680,MÅ«rmuiÅ¾a,57.4731,25.4917,Latvia,LV
1681,Hermansverk,61.1833,6.85,Norway,NO
1682,Prijepolje,43.3903,19.6506,Serbia,RS
1683,Aglona,56.1327,27.0068,Latvia,LV
1684,Kirkintilloch,55.9167,-4.1667,United Kingdom,GB
1685,NÄ«ca,56.3456,21.0646,Latvia,LV
1686,Valka,57.7767,26.0118,Latvia,LV
1687,Zilupe,56.386,28.1218,Latvia,LV
1688,AlÅ«ksne,57.4216,27.0466,Latvia,LV
1689,AknÄ«ste,56.1615,25.7482,Latvia,LV
1690,Vecumnieki,56.6061,24.5223,Latvia,LV
1691,StrenÄi,57.6269,25.6919,Latvia,LV
1692,Loja,57.1534,24.6433,Latvia,LV
1693,Skrunda,56.6775,22.0165,Latvia,LV
1694,LieÄ£i,56.5797,21.3338,Latvia,LV
1695,KÄrsava,56.7874,27.6732,Latvia,LV
1696,VarÄ—na,54.2155,24.5754,Lithuania,LT
1697,Jaunpiebalga,57.1775,26.0284,Latvia,LV
1698,RiebiÅ†i,56.3403,26.7999,Latvia,LV
1699,Jaunjelgava,56.6132,25.0832,Latvia,LV
1700,Dagda,56.0961,27.5328,Latvia,LV
1701,ViÄ¼aka,57.1843,27.6719,Latvia,LV
1702,Aloja,57.7672,24.8774,Latvia,LV
1703,Sjenica,43.2735,20.0004,Serbia,RS
1704,VaiÅ†ode,56.4185,21.8541,Latvia,LV
1705,Ä’rgÄ¼i,56.8988,25.6429,Latvia,LV
1706,Mazsalaca,57.8619,25.0547,Latvia,LV
1707,Stalbe,57.3708,25.0324,Latvia,LV
1708,KolaÅ¡in,42.8242,19.5225,Montenegro,ME
1709,Vecpiebalga,57.0618,25.8179,Latvia,LV
1710,Alsunga,56.9801,21.564,Latvia,LV
1711,DrabeÅ¡i,57.2433,25.2803,Latvia,LV
1712,VecvÄrkava,56.1984,26.5081,Latvia,LV
1713,LubÄna,56.9043,26.7161,Latvia,LV
1714,NaukÅ¡Ä“ni,57.8842,25.458,Latvia,LV
1715,Lochgilphead,56.0333,-5.4167,United Kingdom,GB
1716,Ape,57.5394,26.694,Latvia,LV
1717,Baltinava,56.9439,27.644,Latvia,LV
1718,Å½abljak,43.1547,19.1219,Montenegro,ME
1719,Dundaga,57.505,22.3504,Latvia,LV
1720,ViesÄ«te,56.3465,25.5581,Latvia,LV
1721,Nereta,56.2044,25.3077,Latvia,LV
1722,Cibla,56.5498,27.8837,Latvia,LV
1723,PÄvilosta,56.8898,21.1817,Latvia,LV
1724,Nova VaroÅ¡,43.46,19.8117,Serbia,RS
1725,RugÄji,57.0033,27.1337,Latvia,LV
1726,Bela Palanka,43.2196,22.314,Serbia,RS
1727,Rucava,56.164,21.1627,Latvia,LV
1728,Zgornje Jezersko,46.3833,14.4667,Slovenia,SI
1729,Å avnik,42.9564,19.0967,Montenegro,ME
1730,Crna Trava,42.8071,22.3247,Serbia,RS
1731,PluÅ¾ine,43.1528,18.8394,Montenegro,ME
1732,Bujanovac,42.4606,21.7666,Serbia,RS
1733,PreÅ¡evo,42.3071,21.65,Serbia,RS
1734,Torquay,50.45,-3.5,United Kingdom,GB
1735,ZelÃ«nodolâ€™sk,55.8406,48.655,Russia,RU
1736,Novoshakhtinsk,47.77,39.92,Russia,RU
1737,Tuapse,44.1148,39.0644,Russia,RU
1738,Votkinsk,57.0304,53.99,Russia,RU
1739,Serov,59.615,60.585,Russia,RU
1740,Balashov,51.5535,43.1631,Russia,RU
1741,Flensburg,54.7837,9.4333,Germany,DE
1742,Zheleznogorsk,52.3548,35.4044,Russia,RU
1743,Bolzano,46.5004,11.36,Italy,IT
1744,Novyy Urengoy,66.0833,76.6332,Russia,RU
1745,Nazranâ€™,43.233,44.783,Russia,RU
1746,Kineshma,57.47,42.13,Russia,RU
1747,Rosenheim,47.8503,12.1333,Germany,DE
1748,Bugulâ€™ma,54.5543,52.7943,Russia,RU
1749,Arezzo,43.4617,11.875,Italy,IT
1750,Novoaltaysk,53.3993,83.9588,Russia,RU
1751,Gatchina,59.5707,30.1333,Russia,RU
1752,Kirovo-Chepetsk,58.5544,50.0444,Russia,RU
1753,Yegorâ€™yevsk,55.3848,39.0294,Russia,RU
1754,NorrkÃ¶ping,58.5954,16.1787,Sweden,SE
1755,Yeysk,46.6988,38.2634,Russia,RU
1756,Buzuluk,52.7821,52.2618,Russia,RU
1757,Lorca,37.6886,-1.6985,Spain,ES
1758,ShchÃ«kino,54.0143,37.5143,Russia,RU
1759,Usolâ€™ye-Sibirskoye,52.765,103.645,Russia,RU
1760,Yurga,55.7258,84.8854,Russia,RU
1761,Anzhero-Sudzhensk,56.08,86.04,Russia,RU
1762,Izmayil,45.3503,28.8374,Ukraine,UA
1763,Wiener Neustadt,47.816,16.25,Austria,AT
1764,GieÃŸen,50.5837,8.65,Germany,DE
1765,Troitsk,54.1056,61.5702,Russia,RU
1766,Polatsk,55.4894,28.786,Belarus,BY
1767,BÃ©ziers,43.3505,3.21,France,FR
1768,Asbest,57.023,61.458,Russia,RU
1769,Klin,56.3431,36.6987,Russia,RU
1770,Vorkuta,67.5,64.01,Russia,RU
1771,Kropotkin,45.4471,40.5821,Russia,RU
1772,Shadrinsk,56.0837,63.6333,Russia,RU
1773,Kupâ€yansâ€™k,49.7218,37.5981,Ukraine,UA
1774,Marsala,37.8054,12.4387,Italy,IT
1775,Kamensk-Shakhtinskiy,48.3318,40.2518,Russia,RU
1776,AgrÃ­nio,38.6218,21.4077,Greece,GR
1777,Sundsvall,62.4001,17.3167,Sweden,SE
1778,Korostenâ€™,50.9504,28.65,Ukraine,UA
1779,Guadalajara,40.6337,-3.1666,Spain,ES
1780,Bourges,47.0837,2.4,France,FR
1781,Chusovoy,58.2934,57.813,Russia,RU
1782,ChalkÃ­da,38.464,23.6124,Greece,GR
1783,KalamÃ¡ta,37.0389,22.1142,Greece,GR
1784,Chernogorsk,53.8313,91.2227,Russia,RU
1785,Kovelâ€™,51.2171,24.7166,Ukraine,UA
1786,Asti,44.93,8.21,Italy,IT
1787,Volâ€™sk,52.0347,47.3743,Russia,RU
1788,Belogorsk,50.9191,128.4637,Russia,RU
1789,Ragusa,36.93,14.73,Italy,IT
1790,Tuymazy,54.6048,53.6943,Russia,RU
1791,Borisoglebsk,51.3687,42.0887,Russia,RU
1792,Deva,45.8833,22.9167,Romania,RO
1793,Ishim,56.1502,69.4498,Russia,RU
1794,Oktyabrâ€™skiy,52.6636,156.2387,Russia,RU
1795,Narva,59.3776,28.1603,Estonia,EE
1796,Apatity,67.5731,33.393,Russia,RU
1797,Aleksin,54.5143,37.0944,Russia,RU
1798,Kungur,57.4348,56.9543,Russia,RU
1799,Klintsy,52.7652,32.2448,Russia,RU
1800,Neryungri,56.674,124.7104,Russia,RU
1801,Leninogorsk,54.5987,52.4487,Russia,RU
1802,Lesosibirsk,58.2433,92.4833,Russia,RU
1803,Polevskoy,56.4434,60.188,Russia,RU
1804,Kumertau,52.7748,55.7843,Russia,RU
1805,BorÃ¥s,57.7304,12.92,Sweden,SE
1806,Krasnoturâ€™insk,59.7948,60.4848,Russia,RU
1807,Tikhoretsk,45.8531,40.1377,Russia,RU
1808,Svobodnyy,51.4062,128.1312,Russia,RU
1809,Rzhev,56.2574,34.3275,Russia,RU
1810,Novaya Balakhna,56.4943,43.5944,Russia,RU
1811,Belebey,54.1291,54.1187,Russia,RU
1812,Chistopolâ€™,55.3648,50.6407,Russia,RU
1813,Tikhvin,59.6448,33.5144,Russia,RU
1814,Labinsk,44.6348,40.7443,Russia,RU
1815,Iskitim,54.6509,83.2865,Russia,RU
1816,Benevento,41.1337,14.75,Italy,IT
1817,Vyksa,55.3247,42.1644,Russia,RU
1818,Pula,44.8687,13.8481,Croatia,HR
1819,Sibay,52.7091,58.6387,Russia,RU
1820,Stralsund,54.3004,13.1,Germany,DE
1821,Civitavecchia,42.1004,11.8,Italy,IT
1822,Coburg,50.2666,10.9666,Germany,DE
1823,Salâ€™sk,46.4775,41.542,Russia,RU
1824,Shuya,56.8543,41.3643,Russia,RU
1825,Zima,53.9331,102.0331,Russia,RU
1826,Crotone,39.0833,17.1233,Italy,IT
1827,Kotlas,61.2631,46.6631,Russia,RU
1828,Linares,38.0833,-3.6334,Spain,ES
1829,KavÃ¡la,40.9412,24.4018,Greece,GR
1830,Mikhaylovka,50.0679,43.2175,Russia,RU
1831,Solnechnogorsk,56.1807,36.9809,Russia,RU
1832,Arsenâ€™yev,44.1623,133.2823,Russia,RU
1833,Borovichi,58.3978,33.8974,Russia,RU
1834,Cheremkhovo,53.1588,103.0739,Russia,RU
1835,Roslavlâ€™,53.9509,32.8604,Russia,RU
1836,Hof,50.317,11.9167,Germany,DE
1837,Lesnoy,58.6436,59.7983,Russia,RU
1838,SÃ©rres,41.086,23.5497,Greece,GR
1839,Sayanogorsk,53.0894,91.4004,Russia,RU
1840,Gelendzhik,44.5748,38.0644,Russia,RU
1841,Vyazâ€™ma,55.2122,34.2918,Russia,RU
1842,Brive-la-Gaillarde,45.1504,1.5333,France,FR
1843,Krasnokamensk,50.0665,118.0265,Russia,RU
1844,Severomorsk,69.0731,33.4231,Russia,RU
1845,Vyshniy VolochÃ«k,57.583,34.5631,Russia,RU
1846,Buguruslan,53.663,52.433,Russia,RU
1847,KaterÃ­ni,40.2723,22.5025,Greece,GR
1848,AlexandroÃºpoli,40.8486,25.8744,Greece,GR
1849,Livny,52.4248,37.6044,Russia,RU
1850,Krasnokamsk,58.0747,55.7443,Russia,RU
1851,Siena,43.317,11.35,Italy,IT
1852,Tayshet,55.9277,97.9877,Russia,RU
1853,Nyaganâ€™,62.1465,65.3814,Russia,RU
1854,Kimry,56.8691,37.3444,Russia,RU
1855,Emden,53.3667,7.2167,Germany,DE
1856,Tulun,54.5653,100.5654,Russia,RU
1857,Kyshtym,55.7,60.5595,Russia,RU
1858,XÃ¡nthi,41.1418,24.8836,Greece,GR
1859,Passau,48.567,13.4666,Germany,DE
1860,Otradnyy,53.3778,51.3474,Russia,RU
1861,Monchegorsk,67.9291,32.8287,Russia,RU
1862,Ruzayevka,54.0643,44.9244,Russia,RU
1863,Verkhnyaya Salda,58.0502,60.5498,Russia,RU
1864,Slobodskoy,58.7185,50.188,Russia,RU
1865,Megion,61.0608,76.0953,Russia,RU
1866,Torzhok,57.0291,34.9787,Russia,RU
1867,Belaya Kalitva,48.1865,40.7861,Russia,RU
1868,Ã…lesund,62.5454,6.388,Norway,NO
1869,Gryazi,52.4948,39.9343,Russia,RU
1870,Mozhga,56.4548,52.1843,Russia,RU
1871,Amursk,50.2228,136.8974,Russia,RU
1872,Sandnes,58.8454,5.69,Norway,NO
1873,Safonovo,55.1465,33.2161,Russia,RU
1874,Alatyrâ€™,54.8504,46.6,Russia,RU
1875,Nadym,65.5298,72.5148,Russia,RU
1876,Pechora,65.1587,57.2087,Russia,RU
1877,Kohtla-JÃ¤rve,59.4,27.2833,Estonia,EE
1878,Spassk-Dalâ€™niy,44.6002,132.8198,Russia,RU
1879,Apsheronsk,44.4687,39.7287,Russia,RU
1880,Mozdok,43.7543,44.6544,Russia,RU
1881,Volkhov,59.9291,32.3387,Russia,RU
1882,Yefremov,53.1491,38.1215,Russia,RU
1883,Olbia,40.9143,9.5151,Italy,IT
1884,Shebekino,50.4144,36.8944,Russia,RU
1885,Chernyakhovsk,54.6316,21.8109,Russia,RU
1886,Parma,65.923,57.403,Russia,RU
1887,Strezhevoy,60.7332,77.5777,Russia,RU
1888,ArtÃ«movskiy,57.3652,61.8698,Russia,RU
1889,Kamenâ€™-na-Obi,53.7936,81.3388,Russia,RU
1890,Akhtubinsk,48.2787,46.1687,Russia,RU
1891,Zvolen,48.5837,19.1332,Slovakia,SK
1892,Roskilde,55.65,12.0833,Denmark,DK
1893,Timashevsk,45.6247,38.9444,Russia,RU
1894,Alapayevsk,57.8465,61.6915,Russia,RU
1895,Voznesensâ€™k,47.5504,31.3333,Ukraine,UA
1896,Novozybkov,52.5348,31.9449,Russia,RU
1897,Nizhneudinsk,54.8977,99.0277,Russia,RU
1898,Sovetsk,55.0718,21.882,Russia,RU
1899,Mariinsk,56.2108,87.7604,Russia,RU
1900,Krasnoufimsk,56.5991,57.7586,Russia,RU
1901,Partizansk,43.1349,133.1349,Russia,RU
1902,Sokol,59.4648,40.1144,Russia,RU
1903,Yemanzhelinsk,54.7489,61.2935,Russia,RU
1904,Lesozavodsk,45.4748,133.4298,Russia,RU
1905,Uryupinsk,50.7734,42.0031,Russia,RU
1906,Gay,51.4747,58.4543,Russia,RU
1907,Auxerre,47.8004,3.5666,France,FR
1908,LushnjÃ«,40.94,19.716,Albania,AL
1909,Zelenokumsk,44.4091,43.8787,Russia,RU
1910,Birsk,55.4244,55.5444,Russia,RU
1911,Frolovo,49.7722,43.6518,Russia,RU
1912,Haugesund,59.4119,5.2775,Norway,NO
1913,Mirnyy,62.54,113.9614,Russia,RU
1914,Luga,58.7363,29.839,Russia,RU
1915,Pogradec,40.9,20.664,Albania,AL
1916,Obâ€™,54.998,82.7077,Russia,RU
1917,Uray,60.1401,64.7548,Russia,RU
1918,Alekseyevka,50.6535,38.6931,Russia,RU
1919,Bogoroditsk,53.7747,38.1144,Russia,RU
1920,Tavda,58.0537,65.2583,Russia,RU
1921,BorlÃ¤nge,60.4833,15.4167,Sweden,SE
1922,Kirov,54.0852,34.3048,Russia,RU
1923,Vichuga,57.2191,41.9287,Russia,RU
1924,TÃ¸nsberg,59.264,10.421,Norway,NO
1925,Asha,54.998,57.2726,Russia,RU
1926,Gurâ€™yevsk,54.2981,85.9377,Russia,RU
1927,Millerovo,48.9379,40.3974,Russia,RU
1928,Uglich,57.5244,38.33,Russia,RU
1929,Tynda,55.1743,124.7076,Russia,RU
1930,Moss,59.437,10.6692,Norway,NO
1931,Kasimov,54.9435,41.3931,Russia,RU
1932,Serdobsk,52.4622,44.2218,Russia,RU
1933,Slantsy,59.1116,28.0747,Russia,RU
1934,Severouralâ€™sk,60.1565,59.9615,Russia,RU
1935,Blagodarnyy,45.1047,43.4344,Russia,RU
1936,Boyarka,70.767,97.5,Russia,RU
1937,Yalutorovsk,56.6736,66.2983,Russia,RU
1938,Valuyki,50.2091,38.0987,Russia,RU
1939,Sharâ€™ya,58.3798,45.5094,Russia,RU
1940,VÃ¡c,47.7837,19.1332,Hungary,HU
1941,Korsakov,46.6424,142.7775,Russia,RU
1942,Bezhetsk,57.7647,36.69,Russia,RU
1943,Kondopoga,62.2087,34.2887,Russia,RU
1944,Staraya Russa,57.9948,31.3544,Russia,RU
1945,Slavgorod,53.0049,78.6696,Russia,RU
1946,Vibo Valentia,38.6666,16.1,Italy,IT
1947,Verkhniy Ufaley,56.0663,60.2313,Russia,RU
1948,ZaozÃ«rnyy,55.962,94.7028,Russia,RU
1949,Schaffhausen,47.706,8.633,Switzerland,CH
1950,Rostov,57.1892,39.4043,Russia,RU
1951,Dyatâ€™kovo,53.5891,34.3392,Russia,RU
1952,Segezha,63.7548,34.3243,Russia,RU
1953,Velikiy Ustyug,60.7687,46.2987,Russia,RU
1954,Kholmsk,47.0473,142.0624,Russia,RU
1955,Omutninsk,58.6589,52.1592,Russia,RU
1956,Kudymkar,59.0162,54.633,Russia,RU
1957,Kristianstad,56.0337,14.1333,Sweden,SE
1958,Barabinsk,55.3573,78.3519,Russia,RU
1959,Gubakha,58.8691,57.5887,Russia,RU
1960,Sasovo,54.3491,41.9087,Russia,RU
1961,SkellefteÃ¥,64.7721,20.95,Sweden,SE
1962,Karpinsk,59.7602,60.0098,Russia,RU
1963,Mednogorsk,51.4191,57.5787,Russia,RU
1964,Borzya,50.3886,116.5186,Russia,RU
1965,Svetogorsk,61.1013,28.9177,Russia,RU
1966,Sovetskaya Gavanâ€™,48.9699,140.2749,Russia,RU
1967,Kirovsk,67.6091,33.6687,Russia,RU
1968,Sosnogorsk,63.5948,53.8943,Russia,RU
1969,Svendborg,55.0704,10.6167,Denmark,DK
1970,Karasuk,53.7273,78.0219,Russia,RU
1971,Kartaly,53.0474,60.6819,Russia,RU
1972,Zheleznogorsk-Ilimskiy,56.5762,104.1227,Russia,RU
1973,Kotelâ€™nich,58.3041,48.3137,Russia,RU
1974,Dalâ€™nerechensk,45.9273,133.7223,Russia,RU
1975,Nevâ€™yansk,57.4902,60.2148,Russia,RU
1976,Sion,46.239,7.354,Switzerland,CH
1977,Aleysk,52.4918,82.7777,Russia,RU
1978,Kolpashevo,58.3004,82.9954,Russia,RU
1979,Ã–rnskÃ¶ldsvik,63.318,18.7167,Sweden,SE
1980,Atkarsk,51.8765,44.9961,Russia,RU
1981,Solâ€™-Iletsk,51.1603,54.9999,Russia,RU
1982,Savonlinna,61.8666,28.8833,Finland,FI
1983,Nikolayevsk-na-Amure,53.1496,140.73,Russia,RU
1984,Asino,56.9931,86.1627,Russia,RU
1985,Zeya,53.75,127.2666,Russia,RU
1986,Tara,56.8982,74.3782,Russia,RU
1987,ChÃ­os,38.3681,26.1358,Greece,GR
1988,Pugachev,52.0148,48.7944,Russia,RU
1989,Okha,53.5739,142.9479,Russia,RU
1990,Bakal,54.9459,58.7959,Russia,RU
1991,Buy,58.4847,41.5244,Russia,RU
1992,Velâ€™sk,61.0674,42.0974,Russia,RU
1993,Krasnoarmeysk,51.0174,45.6974,Russia,RU
1994,Severobaykalâ€™sk,55.634,109.313,Russia,RU
1995,Lensk,60.7253,114.947,Russia,RU
1996,Ustâ€™-Kut,56.765,105.76,Russia,RU
1997,Nelidovo,56.2235,32.7731,Russia,RU
1998,Tatarsk,55.2219,75.9665,Russia,RU
1999,Bologoye,57.8722,34.0518,Russia,RU
2000,Topki,55.2802,85.6108,Russia,RU
2001,Aldan,58.603,125.3894,Russia,RU
2002,Frederikshavn,57.4337,10.5333,Denmark,DK
2003,GusinoozÃ«rsk,51.2808,106.5004,Russia,RU
2004,Kalachinsk,55.0487,74.5683,Russia,RU
2005,Bogotol,56.2165,89.5184,Russia,RU
2006,Dudinka,69.4182,86.225,Russia,RU
2007,Lâ€™gov,51.6948,35.2744,Russia,RU
2008,DubÄƒsari,47.2631,29.1608,Moldova,MD
2009,Inta,66.0374,60.1674,Russia,RU
2010,Tashtagol,52.7918,87.8677,Russia,RU
2011,GjÃ¸vik,60.8,10.7,Norway,NO
2012,Onega,63.9271,38.0771,Russia,RU
2013,Kemi,65.7333,24.5817,Finland,FI
2014,PÃ½rgos,37.6837,21.45,Greece,GR
2015,Kizel,59.0644,57.6343,Russia,RU
2016,Frauenfeld,47.568,9.108,Switzerland,CH
2017,Toguchin,55.2377,84.3777,Russia,RU
2018,VÃ¤nersborg,58.363,12.33,Sweden,SE
2019,Shimanovsk,52.0024,127.6975,Russia,RU
2020,Palatka,60.1,150.9,Russia,RU
2021,KrujÃ«,41.519,19.797,Albania,AL
2022,Isilâ€™kulâ€™,54.9287,71.2682,Russia,RU
2023,Petrovsk-Zabaykalâ€™skiy,51.2827,108.8327,Russia,RU
2024,Krasnouralâ€™sk,58.3515,60.0515,Russia,RU
2025,Mo i Rana,66.3166,14.1667,Norway,NO
2026,Cherepanovo,54.2336,83.3688,Russia,RU
2027,Rayevskiy,54.0674,54.9269,Russia,RU
2028,Narvik,68.3832,17.29,Norway,NO
2029,Yeniseysk,58.4515,92.1565,Russia,RU
2030,Bikin,46.8203,134.2649,Russia,RU
2031,Harstad,68.7879,16.5156,Norway,NO
2032,Ivdelâ€™,60.6936,60.4133,Russia,RU
2033,Kos,36.8937,27.2888,Greece,GR
2034,Uzhur,55.3292,89.8207,Russia,RU
2035,Polyarnyy,69.2052,33.4502,Russia,RU
2036,Slyudyanka,51.6538,103.6988,Russia,RU
2037,Kavalerovo,44.2702,135.0498,Russia,RU
2038,Vanino,49.0873,140.2425,Russia,RU
2039,Kyakhta,50.3527,106.4527,Russia,RU
2040,Kiruna,67.85,20.2166,Sweden,SE
2041,Abaza,52.669,90.0954,Russia,RU
2042,Kurtamysh,54.9087,64.4333,Russia,RU
2043,Sovetsk,57.5785,48.9581,Russia,RU
2044,Pallasovka,50.0477,46.8773,Russia,RU
2045,Plast,54.3685,60.8085,Russia,RU
2046,Nevelâ€™sk,46.6803,141.8699,Russia,RU
2047,Poronaysk,49.2416,143.085,Russia,RU
2048,Bellinzona,46.197,9.02,Switzerland,CH
2049,Akureyri,65.6666,-18.1,Iceland,IS
2050,Kamenka,53.1947,44.0444,Russia,RU
2051,Kupino,54.3592,77.2742,Russia,RU
2052,SpÃ¡rti,37.0737,22.4297,Greece,GR
2053,Nikolayevsk,50.0161,45.4261,Russia,RU
2054,Bodaybo,57.965,114.329,Russia,RU
2055,Nikelâ€™,69.4126,30.2188,Russia,RU
2056,Kodinsk,58.6981,99.1777,Russia,RU
2057,Gornyak,50.9881,81.4877,Russia,RU
2058,Aarau,47.39,8.034,Switzerland,CH
2059,Herisau,47.3833,9.2833,Switzerland,CH
2060,Burrel,41.626,20.016,Albania,AL
2061,Nerchinsk,52.009,116.5486,Russia,RU
2062,Kulunda,52.5827,78.9473,Russia,RU
2063,Udachnyy,66.4232,112.3965,Russia,RU
2064,Vyazemskiy,47.5328,134.7475,Russia,RU
2065,SarandÃ«,39.877,20,Albania,AL
2066,Mariestad,58.705,13.828,Sweden,SE
2067,Chegdomyn,51.1178,133.0241,Russia,RU
2068,Ustâ€™-Ordynskiy,52.833,104.7,Russia,RU
2069,Shilka,51.8706,116.0306,Russia,RU
2070,Ã‡orovodÃ«,40.5167,20.2333,Albania,AL
2071,Kemâ€™,64.9536,34.5684,Russia,RU
2072,Golyshmanovo,56.3819,68.3715,Russia,RU
2073,BollnÃ¤s,61.352,16.3666,Sweden,SE
2074,Kirensk,57.7857,108.1119,Russia,RU
2075,Uyar,55.8104,94.3153,Russia,RU
2076,Librazhd,41.2,20.3667,Albania,AL
2077,Uglegorsk,49.0833,142.0333,Russia,RU
2078,Mogocha,53.7333,119.7666,Russia,RU
2079,Nazyvayevsk,55.567,71.35,Russia,RU
2080,Porvoo,60.4004,25.666,Finland,FI
2081,Belomorsk,64.5252,34.7658,Russia,RU
2082,Cherlak,54.1605,74.82,Russia,RU
2083,Alta,69.9666,23.2417,Norway,NO
2084,Angra do HeroÃ­smo,38.6504,-27.2167,Portugal,PT
2085,Aleksandrovsk-Sakhalinskiy,50.8975,142.1561,Russia,RU
2086,Dolinsk,47.3504,142.8,Russia,RU
2087,TepelenÃ«,40.2833,20.0333,Albania,AL
2088,Killarney,52.0504,-9.5167,Ireland,IE
2089,Magdagachi,53.45,125.8,Russia,RU
2090,Severnyy,67.6083,64.1233,Russia,RU
2091,Gramsh,40.8667,20.2,Albania,AL
2092,Zmeinogorsk,51.1571,82.195,Russia,RU
2093,Aginskoye,51.1031,114.5228,Russia,RU
2094,Kirs,59.3138,52.2452,Russia,RU
2095,DelÃ©mont,47.37,7.345,Switzerland,CH
2096,Kargat,55.1959,80.2811,Russia,RU
2097,PÃ«rmet,40.234,20.352,Albania,AL
2098,Khilok,51.35,110.45,Russia,RU
2099,Taksimo,56.3315,114.89,Russia,RU
2100,Nogliki,51.8333,143.1667,Russia,RU
2101,RrÃ«shen,41.7833,19.8167,Albania,AL
2102,Skovorodino,53.9833,123.9167,Russia,RU
2103,Hammerfest,70.6613,23.688,Norway,NO
2104,Namsos,64.4833,11.5,Norway,NO
2105,SodankylÃ¤,67.4171,26.6,Finland,FI
2106,KemijÃ¤rvi,66.6667,27.4167,Finland,FI
2107,SiteÃ­a,35.2004,26.0986,Greece,GR
2108,Shannon,52.7038,-8.8641,Ireland,IE
2109,ErsekÃ«,40.3333,20.6833,Albania,AL
2110,Wick,58.4333,-3.0834,United Kingdom,GB
2111,Horta,38.5347,-28.6448,Portugal,PT
2112,PolÃ½gyros,40.381,23.453,Greece,GR
2113,SvolvÃ¦r,68.2333,14.5667,Norway,NO
2114,Finnsnes,69.2406,18.0086,Norway,NO
2115,Kirkenes,69.725,30.0516,Norway,NO
2116,RÃ¸rvik,64.868,11.2053,Norway,NO
2117,Donegal,54.65,-8.1167,Ireland,IE
2118,Progress,49.7504,129.6167,Russia,RU
2119,Obluchâ€™ye,49,131.0833,Russia,RU
2120,OlÃ«kminsk,60.5032,120.3926,Russia,RU
2121,Vilyuysk,63.7553,121.6248,Russia,RU
2122,Pokrovsk,61.4934,129.1272,Russia,RU
2123,Biryusinsk,55.9607,97.8144,Russia,RU
2124,Dombarovskiy,50.7546,59.54,Russia,RU
2125,Igrim,63.1933,64.4194,Russia,RU
2126,Shira,54.4914,89.9531,Russia,RU
2127,Ustâ€™-Nera,64.5666,143.2,Russia,RU
2128,Suntar,62.1444,117.6319,Russia,RU
2129,Olovyannaya,50.95,115.5666,Russia,RU
2130,Dalâ€™negorsk,44.5372,135.5172,Russia,RU
2131,Bajram Curri,42.3333,20.0833,Albania,AL
2132,KeflavÃ­k,64.0166,-22.5666,Iceland,IS
2133,Igarka,67.4671,86.5833,Russia,RU
2134,Susuman,62.7833,148.1668,Russia,RU
2135,Khandyga,62.666,135.6,Russia,RU
2136,Makarov,48.6337,142.8,Russia,RU
2137,PukÃ«,42.0333,19.8833,Albania,AL
2138,Verkhnevilyuysk,63.4457,120.3167,Russia,RU
2139,Selfoss,63.9334,-20.9969,Iceland,IS
2140,Umba,66.6814,34.3455,Russia,RU
2141,Tazovskiy,67.4667,78.7,Russia,RU
2142,Mundybash,53.2333,87.3167,Russia,RU
2143,Bilibino,68.0504,166.3333,Russia,RU
2144,Tiksi,71.6269,128.835,Russia,RU
2145,Vossevangen,60.63,6.441,Norway,NO
2146,Okhotsk,59.383,143.217,Russia,RU
2147,Tura,64.2833,100.25,Russia,RU
2148,Chernyshevskiy,63.0128,112.4714,Russia,RU
2149,ArtÃ«movsk,54.3487,93.4355,Russia,RU
2150,Ustâ€™-Kamchatsk,56.2135,162.435,Russia,RU
2151,Pevek,69.7008,170.3133,Russia,RU
2152,Turukhansk,65.8382,87.955,Russia,RU
2153,Bagdarin,54.4333,113.6,Russia,RU
2154,Sangar,63.9241,127.4739,Russia,RU
2155,Batagay,67.656,134.635,Russia,RU
2156,Omsukchan,62.5333,155.8,Russia,RU
2157,Novyy Uoyan,56.135,111.7339,Russia,RU
2158,Vitim,59.4515,112.5578,Russia,RU
2159,Teeli,51.0333,90.2333,Russia,RU
2160,Cherskiy,68.7501,161.33,Russia,RU
2161,Mezenâ€™,65.8522,44.24,Russia,RU
2162,Palana,59.084,159.95,Russia,RU
2163,Zyryanka,65.736,150.89,Russia,RU
2164,De-Kastri,51.4666,140.7833,Russia,RU
2165,Srednekolymsk,67.45,153.71,Russia,RU
2166,Bukachacha,52.9833,116.9166,Russia,RU
2167,Ugolâ€™nyye Kopi,64.7333,177.7,Russia,RU
2168,Krasnogorsk,48.4615,142.09,Russia,RU
2169,Zhigansk,66.7697,123.3711,Russia,RU
2170,Khatanga,72.0411,102.465,Russia,RU
2171,Ustâ€™-Maya,60.4566,134.5433,Russia,RU
2172,Saranpaulâ€™,64.2505,60.97,Russia,RU
2173,SauÃ°Ã¡rkrÃ³kur,65.7464,-19.639,Iceland,IS
2174,Provideniya,64.4235,-173.2258,Russia,RU
2175,ÃsafjÃ¶rÃ°ur,66.0833,-23.15,Iceland,IS
2176,Chokurdakh,70.6183,147.8946,Russia,RU
2177,Severo-Kurilâ€™sk,50.6905,156.085,Russia,RU
2178,EgilsstaÃ°ir,65.2674,-14.395,Iceland,IS
2179,Egvekinot,66.3221,-179.1837,Russia,RU
2180,Evensk,61.95,159.2333,Russia,RU
2181,Kaupanger,61.1833,6.85,Norway,NO
2182,Saskylakh,71.9166,114.0833,Russia,RU
2183,Beringovskiy,63.0655,179.3067,Russia,RU
2184,Novyy Port,67.6983,72.9283,Russia,RU
2185,Borgarnes,64.5695,-21.8623,Iceland,IS
2186,HÃ¶fn,64.2723,-15.2139,Iceland,IS
2187,Ustâ€™-Kuyga,70.0171,135.6,Russia,RU
2188,Elâ€™dikan,60.8,135.1833,Russia,RU
2189,Verkhoyansk,67.5447,133.385,Russia,RU
2190,Chumikan,54.7114,135.3145,Russia,RU
2191,Ayan,56.4542,138.1673,Russia,RU
2192,Lavrentiya,65.5833,-171.025,Russia,RU
2193,Dikson,73.507,80.5451,Russia,RU
2194,Klyuchi,56.3,160.85,Russia,RU
2195,Omolon,65.25,160.5,Russia,RU
2196,Uelen,66.1541,-169.8106,Russia,RU
2197,YerÃ«ma,60.3808,107.7794,Russia,RU
2198,Mikhalkino,69.4244,161.4811,Russia,RU
2199,Sherlovaya Gora,50.5306,116.3006,Russia,RU
2200,Nizhneyansk,71.4333,136.0666,Russia,RU
2201,Korf,60.3321,165.8183,Russia,RU
2202,Shoyna,67.8666,44.1334,Russia,RU
2203,Bugrino,68.8079,49.3042,Russia,RU
2204,Putâ€™ Lenina,68.5166,107.8,Russia,RU
2205,Enurmino,66.95,-171.8166,Russia,RU
2206,Amderma,69.763,61.6677,Russia,RU
2207,Gubkin,51.2743,37.3843,Russia,RU
2208,Vikhorevka,56.0931,101.2427,Russia,RU
2209,Gyda,70.8814,78.4661,Russia,RU
2210,Tiyerbes,64.3761,120.5469,Russia,RU
2211,Yessey,68.4837,102.1666,Russia,RU
2212,Manily,62.55,165.3,Russia,RU
2213,Zhilinda,70.1337,114,Russia,RU
2214,Ustâ€™-OlenÃ«k,72.9978,119.7729,Russia,RU
2215,Logashkino,70.8504,153.9,Russia,RU
2216,Vorontsovo,71.6983,83.5642,Russia,RU
2217,Mukhomornoye,66.4171,173.3333,Russia,RU
2218,Kovda,66.6903,32.8702,Russia,RU
2219,Numto,63.6667,71.3333,Russia,RU
2220,Peregrebnoye,62.967,65.0859,Russia,RU
2221,Larâ€™yak,61.1012,80.2514,Russia,RU
2222,Ulâ€™kan,55.9004,107.7833,Russia,RU
2223,Bolâ€™sheretsk,52.439,156.3594,Russia,RU
2224,Karamken,60.2004,151.1666,Russia,RU
2225,Strelka,61.867,152.2502,Russia,RU
2226,Ustâ€™-Nyukzha,56.5312,121.6131,Russia,RU
2227,Khorgo,73.4833,113.63,Russia,RU
2228,Varnek,69.7301,60.0636,Russia,RU
2229,Indiga,67.6898,49.0166,Russia,RU
2230,Podkamennaya Tunguska,61.5995,90.1236,Russia,RU
2231,Komsa,61.868,89.2577,Russia,RU
2232,Omchak,61.6333,147.9167,Russia,RU
2233,Trofimovsk,72.5997,127.0337,Russia,RU
2234,Sagastyr,73.3779,126.5924,Russia,RU
2235,Utkholok,57.5504,157.2333,Russia,RU
2236,Siglan,59.0337,152.4166,Russia,RU
2237,Pakhachi,60.5816,169.05,Russia,RU
2238,Tunguskhaya,64.9004,125.25,Russia,RU
2239,Chagda,60.1,133.9,Russia,RU
2240,Ilâ€™pyrskiy,59.9674,164.172,Russia,RU
2241,Shalaurova,73.2204,143.1833,Russia,RU
2242,OlenÃ«k,68.525,112.45,Russia,RU
2243,Matochkin Shar,73.27,56.4497,Russia,RU
2244,ZvÃ«zdnyy,70.9566,-179.59,Russia,RU
2245,Agapa,71.4504,89.25,Russia,RU
2246,Starorybnoye,72.7666,104.8,Russia,RU
2247,Menkerya,67.9886,123.3505,Russia,RU
2248,Tukchi,57.367,139.5,Russia,RU
2249,Khakharâ€™,57.6666,135.43,Russia,RU
2250,Zemlya Bunge,74.8983,142.105,Russia,RU
2251,Cheremoshna,51.3894,30.0989,Ukraine,UA
2252,Ambarchik,69.651,162.3336,Russia,RU
2253,Nordvik,74.0165,111.51,Russia,RU
